日期,显示日期,开始时间,结束时间,分类,品牌,商品名称,SKU,手机价,市场价,价格前缀,手机价前缀,优惠信息,商品链接,商品图片,一级分类,二级分类,三级分类
2026-04-18,4月18日,00:00,00:40,茗茶,其他,2026明前头采特级龙井优享组,97096484,369,399,TV价,手机价,立减30,http://wp.sharkshopping.com/product/97096484,http://mallpic.ghs.net/oss/ad8e3/33a64/66e2ead86ce3ba4ca239bddeed933a64.png,酒水茗茶,茗茶,绿茶
2026-04-18,4月18日,00:40,01:20,营养成分,REIKI ERA,美国RE十二精粹护肺饮养护组,97096899,599,599,,手机价,,http://wp.sharkshopping.com/product/97096899,http://mallpic.ghs.net/oss/2109b/5f7c9/f2b532109d9b2d4df099951d5265f7c9.jpg,保健营养,营养成分,蛋白质
2026-04-18,4月18日,01:20,02:00,头发护理,其他,青未卓娅丽娜乌斯曼皂,97096774,279,299,TV价,手机价,立减20,http://wp.sharkshopping.com/product/97096774,http://mallpic.ghs.net/oss/89173/a4d96/4bc37891ee731d487f28112db7aa4d96.png,美妆个护,头发护理,洗发
2026-04-18,4月18日,02:00,02:40,保健器械,其他,BENMU本慕万肤拔毒膏健康组,97093053,339,399,聚鲨价,手机价,8.5折,http://wp.sharkshopping.com/product/97093053,http://mallpic.ghs.net/oss/fdfd0/a68d6/0741dfdf0ed0e141bef98d0a66fa68d6.png,保健营养,保健器械,家庭护理
2026-04-18,4月18日,02:40,03:20,粮油调味,五谷康,五谷新势力小麦胚芽,97093295,199,199,,手机价,,http://wp.sharkshopping.com/product/97093295,http://mallpic.ghs.net/oss/9b342/adafa/076c89b30642ea47f33b5b2d947adafa.png,粮油生鲜,粮油调味,杂粮
2026-04-18,4月18日,03:20,04:00,茗茶,其他,2026年明前春之获恩施硒茶,97096570,369,399,TV价,手机价,立减30,http://wp.sharkshopping.com/product/97096570,http://mallpic.ghs.net/oss/852b4/1d9b7/73505852d1b4f741742b62f5f931d9b7.jpg,酒水茗茶,茗茶,绿茶
2026-04-18,4月18日,04:00,04:40,饮料冲调,其他,西藏金银花藏蜂蜜,97096798,279,299,TV价,手机价,立减20,http://wp.sharkshopping.com/product/97096798,http://mallpic.ghs.net/oss/8c5fc/5c8c5/78b128c5e1fc524224684a48ca35c8c5.jpg,休闲食品,饮料冲调,蜂蜜/蜂产品
2026-04-18,4月18日,04:40,05:20,保健器械,其他,NorsBerlan鼻舒通油健康组,97096480,369,399,TV价,手机价,立减30,http://wp.sharkshopping.com/product/97096480,http://mallpic.ghs.net/oss/a05cc/66ff9/ac08ca0597cc1642c2296f0ca6066ff9.png,保健营养,保健器械,家庭护理
2026-04-18,4月18日,05:20,06:00,保健器械,其他,藏洲堂沉香牛黄保健油,97096111,469,499,TV价,手机价,立减30,http://wp.sharkshopping.com/product/97096111,http://mallpic.ghs.net/oss/ae4e1/d3908/3efa4ae45ce14b4c885b42c2330d3908.jpg,保健营养,保健器械,家庭护理
2026-04-18,4月18日,06:00,06:50,营养成分,云杉,美国云杉高活性叶酸甲钴胺神经素,9633080,1088,1088,,手机价,,http://wp.sharkshopping.com/product/9633080,http://mallpic.ghs.net/oss/34a72/71795/a7aa334ad07294480448efd8e9171795.png,保健营养,营养成分,其他营养
2026-04-18,4月18日,06:50,07:30,滋补养生,礼贡堂,礼贡堂五十二位茯湿丸,97097003,369,399,TV价,手机价,立减30,http://wp.sharkshopping.com/product/97097003,http://mallpic.ghs.net/oss/efc77/2a36b/fb2c9efc02773147a7b80ce96532a36b.jpg,保健营养,滋补养生,其他滋补
2026-04-18,4月18日,07:30,08:20,营养成分,云杉,美国云杉新一代PEA非变性骨胶原肽,96721035,799,799,,手机价,,http://wp.sharkshopping.com/product/96721035,http://mallpic.ghs.net/oss/237ad/93c33/c0419237e4ada346118a8f99aa793c33.png,保健营养,营养成分,其他营养
2026-04-18,4月18日,08:20,09:00,男鞋专区,苹果,APPLE苹果镂空牛皮男鞋,97094422,149,149,,手机价,,http://wp.sharkshopping.com/product/97094422,http://mallpic.ghs.net/oss/a6f36/bc8bb/cc93fa6fa636554dc188866eccbbc8bb.jpg,服饰鞋包,男鞋专区,男士皮鞋/商务鞋
2026-04-18,4月18日,09:00,09:40,营养成分,云杉,美国云杉NCR细胞活力密码,95256805,799,799,,手机价,,http://wp.sharkshopping.com/product/95256805,http://mallpic.ghs.net/oss/e6df8/77c54/9ef43e6d2ff8b048b6285d6492077c54.png,保健营养,营养成分,其他营养
2026-04-18,4月18日,09:40,10:20,营养成分,拜滋,美国拜滋Bayzi高纯还原辅酶Q10,96997051,699,699,,手机价,,http://wp.sharkshopping.com/product/96997051,http://mallpic.ghs.net/oss/9d282/61f9c/679029d23582cd44945b05350ed61f9c.png,保健营养,营养成分,其他营养
2026-04-18,4月18日,10:20,11:00,粮油调味,其他,岽鲜葛福记沂蒙红芽头茬香椿酱,97096776,99,99,,手机价,,http://wp.sharkshopping.com/product/97096776,http://mallpic.ghs.net/oss/c09f2/07eb4/b9b1ec0980f27842634bfd68e3707eb4.png,粮油生鲜,粮油调味,调味品
2026-04-18,4月18日,11:00,11:40,营养成分,乃琦斯,澳洲Natreas鲜蜂王浆升级组,9424643,599,599,,手机价,,http://wp.sharkshopping.com/product/9424643,http://mallpic.ghs.net/oss/2cd41/9e802/f18c22cd2241a24e6d582cac6819e802.png,保健营养,营养成分,其他营养
2026-04-18,4月18日,11:40,12:20,营养成分,其他,泰国进口南洋万金按摩膏,97094585,339,399,聚鲨价,手机价,8.5折,http://wp.sharkshopping.com/product/97094585,http://mallpic.ghs.net/oss/18b09/df50f/40d6218b1609714f6caa6ee7091df50f.png,保健营养,营养成分,其他营养
2026-04-18,4月18日,12:20,13:00,营养成分,其他,活益畅40000亿活性益生菌,97096819,279,299,TV价,手机价,立减20,http://wp.sharkshopping.com/product/97096819,http://mallpic.ghs.net/oss/9a09f/2efb7/7e0f69a0bb9fc04bf0e9306df4b2efb7.png,保健营养,营养成分,益生菌
2026-04-18,4月18日,13:00,13:50,营养成分,云杉,美国Spruce新一代牛樟芝加强黄金素,96537773,1299,1299,,手机价,,http://wp.sharkshopping.com/product/96537773,http://mallpic.ghs.net/oss/a0046/7677b/5c8daa000c462a4b036ba8dc7017677b.png,保健营养,营养成分,其他营养
2026-04-18,4月18日,13:50,14:30,身体洗护,其他,拉脱维亚进口莱蒙麦尔蜂蜜牛奶皂,97095582,369,399,TV价,手机价,立减30,http://wp.sharkshopping.com/product/97095582,http://mallpic.ghs.net/oss/17f0c/8f0f4/4220b17f9d0ced4ec409b62963f8f0f4.png,美妆个护,身体洗护,香皂
2026-04-18,4月18日,14:30,15:10,营养成分,拜滋,美国Bayzi拜滋新一代骨肌肽,96514542,699,699,,手机价,,http://wp.sharkshopping.com/product/96514542,http://mallpic.ghs.net/oss/44bae/edd54/b32c344b6daed344d11aafcda6fedd54.png,保健营养,营养成分,其他营养
2026-04-18,4月18日,15:10,15:50,翡翠玉石,保丽金,保丽金足金观音挂坠,97088074,858,898,TV价,手机价,立减40,http://wp.sharkshopping.com/product/97088074,http://mallpic.ghs.net/oss/59eea/95469/cd08259eeaea7b446bd8347e63995469.png,珠宝钟表,翡翠玉石,翡翠玉石项链/吊坠
2026-04-18,4月18日,15:50,16:30,营养成分,云杉,美国云杉新一代小分子黑金活脑灵,97090246,799,799,,手机价,,http://wp.sharkshopping.com/product/97090246,http://mallpic.ghs.net/oss/9392d/b6769/c0f69939bd2d4f4a2518edf3365b6769.png,保健营养,营养成分,其他营养
2026-04-18,4月18日,16:30,17:10,滋补养生,其他,御寿堂加拿大西洋参切片,97094021,369,399,TV价,手机价,立减30,http://wp.sharkshopping.com/product/97094021,http://mallpic.ghs.net/oss/cc648/68cb2/25f37cc65248ca430fba7d5431368cb2.png,保健营养,滋补养生,人参/西洋参
2026-04-18,4月18日,17:50,18:30,营养成分,拜滋,美国Bayzi拜滋深度睡眠四维神经素,97095874,699,699,,手机价,,http://wp.sharkshopping.com/product/97095874,http://mallpic.ghs.net/oss/feac8/8cd33/77c8efea86c8ec4055987a6765b8cd33.jpg,保健营养,营养成分,其他营养
2026-04-18,4月18日,18:30,19:20,营养成分,云杉,美国云杉新一代PEA非变性骨胶原肽,96721035,799,799,,手机价,,http://wp.sharkshopping.com/product/96721035,http://mallpic.ghs.net/oss/237ad/93c33/c0419237e4ada346118a8f99aa793c33.png,保健营养,营养成分,其他营养
2026-04-18,4月18日,19:20,20:00,滋补养生,礼贡堂,礼贡堂五十二位茯湿丸,97097003,369,399,TV价,手机价,立减30,http://wp.sharkshopping.com/product/97097003,http://mallpic.ghs.net/oss/efc77/2a36b/fb2c9efc02773147a7b80ce96532a36b.jpg,保健营养,滋补养生,其他滋补
2026-04-18,4月18日,20:00,20:40,营养成分,云杉,美国Spruce新一代胃舒平黄金宝,97088674,499,499,,手机价,,http://wp.sharkshopping.com/product/97088674,http://mallpic.ghs.net/oss/53303/6de36/f2b2a53394034841bc58b35a6bb6de36.png,保健营养,营养成分,其他营养
2026-04-18,4月18日,20:40,21:20,营养成分,拜滋,美国拜滋Bayzi高纯还原辅酶Q10,96997051,699,699,,手机价,,http://wp.sharkshopping.com/product/96997051,http://mallpic.ghs.net/oss/9d282/61f9c/679029d23582cd44945b05350ed61f9c.png,保健营养,营养成分,其他营养
2026-04-18,4月18日,21:20,22:00,营养成分,云杉,美国云杉新一代肾康动力黄金肽,96483954,799,799,,手机价,,http://wp.sharkshopping.com/product/96483954,http://mallpic.ghs.net/oss/73cb6/9b8eb/893a173c08b6ae491dd855d41119b8eb.png,保健营养,营养成分,其他营养
2026-04-18,4月18日,22:00,22:40,头发护理,其他,青未卓娅丽娜乌斯曼皂,97096774,279,299,TV价,手机价,立减20,http://wp.sharkshopping.com/product/97096774,http://mallpic.ghs.net/oss/89173/a4d96/4bc37891ee731d487f28112db7aa4d96.png,美妆个护,头发护理,洗发
2026-04-18,4月18日,22:40,23:20,保健器械,其他,BENMU本慕万肤拔毒膏健康组,97093053,339,399,聚鲨价,手机价,8.5折,http://wp.sharkshopping.com/product/97093053,http://mallpic.ghs.net/oss/fdfd0/a68d6/0741dfdf0ed0e141bef98d0a66fa68d6.png,保健营养,保健器械,家庭护理
2026-04-19,4月19日,00:00,00:40,滋补养生,礼贡堂,礼贡堂五十二位茯湿丸,97097003,369,399,TV价,手机价,立减30,http://wp.sharkshopping.com/product/97097003,http://mallpic.ghs.net/oss/efc77/2a36b/fb2c9efc02773147a7b80ce96532a36b.jpg,保健营养,滋补养生,其他滋补
2026-04-19,4月19日,00:40,01:20,营养成分,REIKI ERA,RE四重复合有机高活性镁元素,97095887,699,699,,手机价,,http://wp.sharkshopping.com/product/97095887,http://mallpic.ghs.net/oss/5bfc9/83192/8e76a5bffec9194bb058728c9d583192.jpg,保健营养,营养成分,其他营养
2026-04-19,4月19日,01:20,02:00,运动,其他,美国进口DrScholls爽健循环袜,97093898,279,299,TV价,手机价,立减20,http://wp.sharkshopping.com/product/97093898,http://mallpic.ghs.net/oss/d9bc1/b1c63/c5728d9b90c1804aefb8eb05eafb1c63.png,服饰鞋包,运动,运动配饰
2026-04-19,4月19日,02:00,02:40,茗茶,其他,2026明前特级头采黄金芽,97096483,369,399,TV价,手机价,立减30,http://wp.sharkshopping.com/product/97096483,http://mallpic.ghs.net/oss/bb5b8/de990/66e9ebb522b83143788992902d4de990.png,酒水茗茶,茗茶,绿茶
2026-04-19,4月19日,02:40,03:20,保健器械,其他,NorsBerlan鼻舒通油健康组,97096480,369,399,TV价,手机价,立减30,http://wp.sharkshopping.com/product/97096480,http://mallpic.ghs.net/oss/a05cc/66ff9/ac08ca0597cc1642c2296f0ca6066ff9.png,保健营养,保健器械,家庭护理
2026-04-19,4月19日,03:20,04:00,保健器械,礼贡堂,礼贡堂糖舒通三清保健贴,97096731,369,399,TV价,手机价,立减30,http://wp.sharkshopping.com/product/97096731,http://mallpic.ghs.net/oss/ded07/be646/3e5a8ded71077d49493b88e05aebe646.jpg,保健营养,保健器械,家庭护理
2026-04-19,4月19日,04:00,04:40,保健器械,其他,BENMU本慕万肤拔毒膏健康组,97093053,339,399,聚鲨价,手机价,8.5折,http://wp.sharkshopping.com/product/97093053,http://mallpic.ghs.net/oss/fdfd0/a68d6/0741dfdf0ed0e141bef98d0a66fa68d6.png,保健营养,保健器械,家庭护理
2026-04-19,4月19日,04:40,05:20,保健器械,其他,藏枝拂德扶阳固本贴健康组,97096732,369,399,TV价,手机价,立减30,http://wp.sharkshopping.com/product/97096732,http://mallpic.ghs.net/oss/7d0cd/aa8ec/0be087d07acd824a0448637252baa8ec.jpg,保健营养,保健器械,家庭护理
2026-04-19,4月19日,05:20,06:00,头发护理,其他,青未卓娅丽娜乌斯曼皂,97096774,279,299,TV价,手机价,立减20,http://wp.sharkshopping.com/product/97096774,http://mallpic.ghs.net/oss/89173/a4d96/4bc37891ee731d487f28112db7aa4d96.png,美妆个护,头发护理,洗发
2026-04-19,4月19日,06:00,06:50,营养成分,拜滋,美国拜滋Bayzi高纯还原辅酶Q10,96997051,699,699,,手机价,,http://wp.sharkshopping.com/product/96997051,http://mallpic.ghs.net/oss/9d282/61f9c/679029d23582cd44945b05350ed61f9c.png,保健营养,营养成分,其他营养
2026-04-19,4月19日,06:50,07:30,营养成分,其他,泰国进口南洋万金按摩膏,97094585,339,399,聚鲨价,手机价,8.5折,http://wp.sharkshopping.com/product/97094585,http://mallpic.ghs.net/oss/18b09/df50f/40d6218b1609714f6caa6ee7091df50f.png,保健营养,营养成分,其他营养
2026-04-19,4月19日,07:30,08:20,营养成分,云杉,美国云杉高活性叶酸甲钴胺神经素,9633080,1088,1088,,手机价,,http://wp.sharkshopping.com/product/9633080,http://mallpic.ghs.net/oss/34a72/71795/a7aa334ad07294480448efd8e9171795.png,保健营养,营养成分,其他营养
2026-04-19,4月19日,08:20,09:00,锅具刀具,爱仕达,爱仕达有钛不粘炒锅,97095135,259,259,,手机价,,http://wp.sharkshopping.com/product/97095135,http://mallpic.ghs.net/oss/44746/7c270/a534c447dc464f4835f835d79887c270.jpg,厨房用具,锅具刀具,炒锅
2026-04-19,4月19日,09:00,09:40,营养成分,拜滋,美国Bayzi拜滋新一代骨肌肽,96514542,699,699,,手机价,,http://wp.sharkshopping.com/product/96514542,http://mallpic.ghs.net/oss/44bae/edd54/b32c344b6daed344d11aafcda6fedd54.png,保健营养,营养成分,其他营养
2026-04-19,4月19日,09:40,10:20,营养成分,云杉,美国Spruce新一代牛樟芝加强黄金素,96537773,1299,1299,,手机价,,http://wp.sharkshopping.com/product/96537773,http://mallpic.ghs.net/oss/a0046/7677b/5c8daa000c462a4b036ba8dc7017677b.png,保健营养,营养成分,其他营养
2026-04-19,4月19日,10:20,11:00,运动,其他,哥奢美式休闲运动套装,97094649,129,129,,手机价,,http://wp.sharkshopping.com/product/97094649,http://mallpic.ghs.net/oss/46867/a31ae/419484688c67c443307ba0ad102a31ae.png,服饰鞋包,运动,运动服
2026-04-19,4月19日,11:00,11:40,营养成分,云杉,美国云杉新一代东革阿里黑金能量丸,96511701,799,799,,手机价,,http://wp.sharkshopping.com/product/96511701,http://mallpic.ghs.net/oss/17483/96ccd/3a61017475836f498bf80f2f56996ccd.png,保健营养,营养成分,其他营养
2026-04-19,4月19日,11:40,12:20,滋补养生,藏密康德,藏秘康德贝母粉,97096156,309,339,TV价,手机价,立减30,http://wp.sharkshopping.com/product/97096156,http://mallpic.ghs.net/oss/08f03/0a81d/8fa7b08f1e03324c5569dc75b180a81d.png,保健营养,滋补养生,其他滋补
2026-04-19,4月19日,12:20,13:10,营养成分,拜滋,美国拜滋Bayzi高纯还原辅酶Q10,96997051,699,699,,手机价,,http://wp.sharkshopping.com/product/96997051,http://mallpic.ghs.net/oss/9d282/61f9c/679029d23582cd44945b05350ed61f9c.png,保健营养,营养成分,其他营养
2026-04-19,4月19日,13:10,13:50,粮油调味,五谷康,五谷新势力小麦胚芽,97093295,199,199,,手机价,,http://wp.sharkshopping.com/product/97093295,http://mallpic.ghs.net/oss/9b342/adafa/076c89b30642ea47f33b5b2d947adafa.png,粮油生鲜,粮油调味,杂粮
2026-04-19,4月19日,13:50,14:40,营养成分,云杉,美国云杉高活性叶酸甲钴胺神经素,9633080,1088,1088,,手机价,,http://wp.sharkshopping.com/product/9633080,http://mallpic.ghs.net/oss/34a72/71795/a7aa334ad07294480448efd8e9171795.png,保健营养,营养成分,其他营养
2026-04-19,4月19日,14:40,15:20,面部护肤,其他,YOUNCY生物素淡纹PQQ提肌膏,97095823,369,399,TV价,手机价,立减30,http://wp.sharkshopping.com/product/97095823,http://mallpic.ghs.net/oss/3112c/0d869/6ee1f311442c5440ed7858006000d869.jpg,美妆个护,面部护肤,乳液/面霜
2026-04-19,4月19日,15:20,16:00,营养成分,REIKI ERA,美国RE十二精粹护肺饮养护组,97096899,599,599,,手机价,,http://wp.sharkshopping.com/product/97096899,http://mallpic.ghs.net/oss/2109b/5f7c9/f2b532109d9b2d4df099951d5265f7c9.jpg,保健营养,营养成分,蛋白质
2026-04-19,4月19日,16:00,16:40,保健器械,礼贡堂,礼贡堂糖舒通三清保健贴,97096731,369,399,TV价,手机价,立减30,http://wp.sharkshopping.com/product/97096731,http://mallpic.ghs.net/oss/ded07/be646/3e5a8ded71077d49493b88e05aebe646.jpg,保健营养,保健器械,家庭护理
2026-04-19,4月19日,16:40,17:20,营养成分,云杉,跨境品Spruce新一代黄金眼视康,97085752,399,399,,手机价,,http://wp.sharkshopping.com/product/97085752,http://mallpic.ghs.net/oss/ec294/51ec0/8a9fdec2a9948e4402581bd6ff851ec0.png,保健营养,营养成分,其他营养
2026-04-19,4月19日,17:20,18:00,滋补养生,礼贡堂,礼贡堂五十二位茯湿丸,97097003,369,399,TV价,手机价,立减30,http://wp.sharkshopping.com/product/97097003,http://mallpic.ghs.net/oss/efc77/2a36b/fb2c9efc02773147a7b80ce96532a36b.jpg,保健营养,滋补养生,其他滋补
2026-04-19,4月19日,18:00,18:40,营养成分,拜滋,美国拜滋Bayzi新一代血净宝,97089440,1299,1299,,手机价,,http://wp.sharkshopping.com/product/97089440,http://mallpic.ghs.net/oss/a4afe/407aa/025a7a4a81fe274fe79844789e8407aa.png,保健营养,营养成分,其他营养
2026-04-19,4月19日,18:40,19:20,营养成分,云杉,美国Spruce新一代槲皮素肺舒宝	,95451900,499,499,,手机价,,http://wp.sharkshopping.com/product/95451900,http://mallpic.ghs.net/oss/b1063/267b7/26c22b105c63ab423f8a810294f267b7.png,保健营养,营养成分,其他营养
2026-04-19,4月19日,19:20,20:00,头发护理,其他,青未卓娅丽娜乌斯曼皂,97096774,279,299,TV价,手机价,立减20,http://wp.sharkshopping.com/product/97096774,http://mallpic.ghs.net/oss/89173/a4d96/4bc37891ee731d487f28112db7aa4d96.png,美妆个护,头发护理,洗发
2026-04-19,4月19日,20:00,20:40,营养成分,云杉,美国云杉新一代PEA非变性骨胶原肽,96721035,799,799,,手机价,,http://wp.sharkshopping.com/product/96721035,http://mallpic.ghs.net/oss/237ad/93c33/c0419237e4ada346118a8f99aa793c33.png,保健营养,营养成分,其他营养
2026-04-19,4月19日,20:40,21:20,口腔护理,其他,羟基磷灰石溶酶菌专利牙膏健康组,97093473,299,399,聚鲨价,手机价,7.5折,http://wp.sharkshopping.com/product/97093473,http://mallpic.ghs.net/oss/da35b/f9cef/17c96da3955b5d4dc508b2b049ef9cef.png,美妆个护,口腔护理,牙膏/牙粉
2026-04-19,4月19日,21:20,22:00,营养成分,云杉,美国云杉NCR细胞活力密码,95256805,799,799,,手机价,,http://wp.sharkshopping.com/product/95256805,http://mallpic.ghs.net/oss/e6df8/77c54/9ef43e6d2ff8b048b6285d6492077c54.png,保健营养,营养成分,其他营养
2026-04-19,4月19日,22:00,22:40,饮料冲调,其他,西藏金银花藏蜂蜜,97096798,279,299,TV价,手机价,立减20,http://wp.sharkshopping.com/product/97096798,http://mallpic.ghs.net/oss/8c5fc/5c8c5/78b128c5e1fc524224684a48ca35c8c5.jpg,休闲食品,饮料冲调,蜂蜜/蜂产品
2026-04-19,4月19日,22:40,23:20,滋补养生,礼贡堂,礼贡堂五十二位茯湿丸,97097003,369,399,TV价,手机价,立减30,http://wp.sharkshopping.com/product/97097003,http://mallpic.ghs.net/oss/efc77/2a36b/fb2c9efc02773147a7b80ce96532a36b.jpg,保健营养,滋补养生,其他滋补
2026-04-19,4月19日,23:20,00:00,头发护理,其他,青未卓娅丽娜乌斯曼皂,97096774,279,299,TV价,手机价,立减20,http://wp.sharkshopping.com/product/97096774,http://mallpic.ghs.net/oss/89173/a4d96/4bc37891ee731d487f28112db7aa4d96.png,美妆个护,头发护理,洗发
2026-04-20,4月20日,00:00,00:40,保健器械,其他,BENMU本慕万肤拔毒膏健康组,97093053,339,399,聚鲨价,手机价,8.5折,http://wp.sharkshopping.com/product/97093053,http://mallpic.ghs.net/oss/fdfd0/a68d6/0741dfdf0ed0e141bef98d0a66fa68d6.png,保健营养,保健器械,家庭护理
2026-04-20,4月20日,00:40,01:20,茗茶,其他,2026年明前春之获恩施硒茶,97096570,369,399,TV价,手机价,立减30,http://wp.sharkshopping.com/product/97096570,http://mallpic.ghs.net/oss/852b4/1d9b7/73505852d1b4f741742b62f5f931d9b7.jpg,酒水茗茶,茗茶,绿茶
2026-04-20,4月20日,01:20,02:00,保健器械,其他,藏枝拂德扶阳固本贴健康组,97096732,369,399,TV价,手机价,立减30,http://wp.sharkshopping.com/product/97096732,http://mallpic.ghs.net/oss/7d0cd/aa8ec/0be087d07acd824a0448637252baa8ec.jpg,保健营养,保健器械,家庭护理
2026-04-20,4月20日,02:00,02:40,身体洗护,其他,北欧进口莱蒙麦尔东方茉莉皂,97095108,279,299,TV价,手机价,立减20,http://wp.sharkshopping.com/product/97095108,http://mallpic.ghs.net/oss/2da21/b31ca/5db842da0121e4492d29b7fbb57b31ca.jpg,美妆个护,身体洗护,香皂
2026-04-20,4月20日,02:40,03:20,营养成分,其他,泰国进口南洋万金按摩膏,97094585,339,399,聚鲨价,手机价,8.5折,http://wp.sharkshopping.com/product/97094585,http://mallpic.ghs.net/oss/18b09/df50f/40d6218b1609714f6caa6ee7091df50f.png,保健营养,营养成分,其他营养
2026-04-20,4月20日,03:20,04:00,保健器械,礼贡堂,礼贡堂糖舒通三清保健贴,97096731,369,399,TV价,手机价,立减30,http://wp.sharkshopping.com/product/97096731,http://mallpic.ghs.net/oss/ded07/be646/3e5a8ded71077d49493b88e05aebe646.jpg,保健营养,保健器械,家庭护理
2026-04-20,4月20日,04:00,04:40,粮油调味,五谷康,五谷新势力小麦胚芽,97093295,199,199,,手机价,,http://wp.sharkshopping.com/product/97093295,http://mallpic.ghs.net/oss/9b342/adafa/076c89b30642ea47f33b5b2d947adafa.png,粮油生鲜,粮油调味,杂粮
2026-04-20,4月20日,04:40,05:20,头发护理,其他,青未卓娅丽娜乌斯曼皂,97096774,279,299,TV价,手机价,立减20,http://wp.sharkshopping.com/product/97096774,http://mallpic.ghs.net/oss/89173/a4d96/4bc37891ee731d487f28112db7aa4d96.png,美妆个护,头发护理,洗发
2026-04-20,4月20日,05:20,06:00,滋补养生,其他,御寿堂加拿大西洋参切片,97094021,369,399,TV价,手机价,立减30,http://wp.sharkshopping.com/product/97094021,http://mallpic.ghs.net/oss/cc648/68cb2/25f37cc65248ca430fba7d5431368cb2.png,保健营养,滋补养生,人参/西洋参
2026-04-20,4月20日,06:00,06:50,营养成分,云杉,美国云杉新一代肾康动力黄金肽,96483954,799,799,,手机价,,http://wp.sharkshopping.com/product/96483954,http://mallpic.ghs.net/oss/73cb6/9b8eb/893a173c08b6ae491dd855d41119b8eb.png,保健营养,营养成分,其他营养
2026-04-20,4月20日,06:50,07:30,滋补养生,礼贡堂,礼贡堂五十二位茯湿丸,97097003,369,399,TV价,手机价,立减30,http://wp.sharkshopping.com/product/97097003,http://mallpic.ghs.net/oss/efc77/2a36b/fb2c9efc02773147a7b80ce96532a36b.jpg,保健营养,滋补养生,其他滋补
2026-04-20,4月20日,07:30,08:20,营养成分,云杉,美国Spruce新一代牛樟芝加强黄金素,96537773,1299,1299,,手机价,,http://wp.sharkshopping.com/product/96537773,http://mallpic.ghs.net/oss/a0046/7677b/5c8daa000c462a4b036ba8dc7017677b.png,保健营养,营养成分,其他营养
2026-04-20,4月20日,08:20,09:00,收纳清洁,其他,洗衣机槽清洁剂洁净组,97095118,79,79,,手机价,,http://wp.sharkshopping.com/product/97095118,http://mallpic.ghs.net/oss/e869e/11dc4/2e67ee86989e0243ee082fed5bc11dc4.png,家居家纺,收纳清洁,家居清洁
2026-04-20,4月20日,09:00,09:50,营养成分,拜滋,美国拜滋Bayzi高纯还原辅酶Q10,96997051,699,699,,手机价,,http://wp.sharkshopping.com/product/96997051,http://mallpic.ghs.net/oss/9d282/61f9c/679029d23582cd44945b05350ed61f9c.png,保健营养,营养成分,其他营养
2026-04-20,4月20日,09:50,10:30,营养成分,云杉,美国云杉NCR细胞活力密码,95256805,799,799,,手机价,,http://wp.sharkshopping.com/product/95256805,http://mallpic.ghs.net/oss/e6df8/77c54/9ef43e6d2ff8b048b6285d6492077c54.png,保健营养,营养成分,其他营养
2026-04-20,4月20日,10:30,11:00,厨房电器,爱仕达,爱仕达免滤破壁豆浆机,97096002,199,199,,手机价,,http://wp.sharkshopping.com/product/97096002,http://mallpic.ghs.net/oss/98cfa/99a6d/2d32d98cedfa284ffab8762295899a6d.jpg,厨房用具,厨房电器,榨汁机/豆浆机
2026-04-20,4月20日,11:00,11:40,营养成分,乃琦斯,澳洲Natreas鲜蜂王浆升级组,9424643,599,599,,手机价,,http://wp.sharkshopping.com/product/9424643,http://mallpic.ghs.net/oss/2cd41/9e802/f18c22cd2241a24e6d582cac6819e802.png,保健营养,营养成分,其他营养
2026-04-20,4月20日,11:40,12:20,粮油调味,其他,内蒙敖汉粒粒道四色有机小米,97093740,199,199,,手机价,,http://wp.sharkshopping.com/product/97093740,http://mallpic.ghs.net/oss/2fdbf/8ef13/9059a2fd7fbf244fdea89bd45c08ef13.png,粮油生鲜,粮油调味,米
2026-04-20,4月20日,12:20,13:00,滋补养生,礼贡堂,礼贡堂五十二位茯湿丸,97097003,369,399,TV价,手机价,立减30,http://wp.sharkshopping.com/product/97097003,http://mallpic.ghs.net/oss/efc77/2a36b/fb2c9efc02773147a7b80ce96532a36b.jpg,保健营养,滋补养生,其他滋补
2026-04-20,4月20日,13:00,13:40,营养成分,云杉,美国云杉新一代强力PPC结节通,97087224,599,599,,手机价,,http://wp.sharkshopping.com/product/97087224,http://mallpic.ghs.net/oss/cb54a/16c94/16de5cb5964a7043c518759533316c94.png,保健营养,营养成分,其他营养
2026-04-20,4月20日,13:40,14:20,头发护理,其他,青未卓娅丽娜乌斯曼皂,97096774,279,299,TV价,手机价,立减20,http://wp.sharkshopping.com/product/97096774,http://mallpic.ghs.net/oss/89173/a4d96/4bc37891ee731d487f28112db7aa4d96.png,美妆个护,头发护理,洗发
2026-04-20,4月20日,14:20,15:00,营养成分,拜滋,美国Bayzi拜滋新一代骨肌肽,96514542,699,699,,手机价,,http://wp.sharkshopping.com/product/96514542,http://mallpic.ghs.net/oss/44bae/edd54/b32c344b6daed344d11aafcda6fedd54.png,保健营养,营养成分,其他营养
2026-04-20,4月20日,15:00,15:40,面部护肤,其他,兰皙雪肌美白双特证面膜,97095102,279,299,TV价,手机价,立减20,http://wp.sharkshopping.com/product/97095102,http://mallpic.ghs.net/oss/ee261/91725/08226ee2a361ff414318a649cfb91725.png,美妆个护,面部护肤,面膜
2026-04-20,4月20日,15:40,16:30,营养成分,云杉,美国云杉新一代肾康动力黄金肽,96483954,799,799,,手机价,,http://wp.sharkshopping.com/product/96483954,http://mallpic.ghs.net/oss/73cb6/9b8eb/893a173c08b6ae491dd855d41119b8eb.png,保健营养,营养成分,其他营养
2026-04-20,4月20日,16:30,17:20,口腔护理,其他,羟基磷灰石溶酶菌专利牙膏健康组,97093473,299,399,聚鲨价,手机价,7.5折,http://wp.sharkshopping.com/product/97093473,http://mallpic.ghs.net/oss/da35b/f9cef/17c96da3955b5d4dc508b2b049ef9cef.png,美妆个护,口腔护理,牙膏/牙粉
2026-04-20,4月20日,17:20,18:00,营养成分,拜滋,拜滋Bayzi超级生命能量素,97090330,599,599,,手机价,,http://wp.sharkshopping.com/product/97090330,http://mallpic.ghs.net/oss/28ef7/13358/4dc6228eb6f712424c8a8a57eed13358.png,保健营养,营养成分,其他营养
2026-04-20,4月20日,18:00,18:40,保健器械,礼贡堂,礼贡堂糖舒通三清保健贴,97096731,369,399,TV价,手机价,立减30,http://wp.sharkshopping.com/product/97096731,http://mallpic.ghs.net/oss/ded07/be646/3e5a8ded71077d49493b88e05aebe646.jpg,保健营养,保健器械,家庭护理
2026-04-20,4月20日,18:40,19:20,营养成分,云杉,美国Spruce新一代牛樟芝加强黄金素,96537773,1299,1299,,手机价,,http://wp.sharkshopping.com/product/96537773,http://mallpic.ghs.net/oss/a0046/7677b/5c8daa000c462a4b036ba8dc7017677b.png,保健营养,营养成分,其他营养
2026-04-20,4月20日,19:20,20:00,营养成分,其他,泰国进口南洋万金按摩膏,97094585,339,399,聚鲨价,手机价,8.5折,http://wp.sharkshopping.com/product/97094585,http://mallpic.ghs.net/oss/18b09/df50f/40d6218b1609714f6caa6ee7091df50f.png,保健营养,营养成分,其他营养
2026-04-20,4月20日,20:00,20:40,营养成分,云杉,美国Spruce新一代胃舒平黄金宝,97088674,499,499,,手机价,,http://wp.sharkshopping.com/product/97088674,http://mallpic.ghs.net/oss/53303/6de36/f2b2a53394034841bc58b35a6bb6de36.png,保健营养,营养成分,其他营养
2026-04-20,4月20日,20:40,21:20,营养成分,拜滋,美国拜滋Bayzi高纯还原辅酶Q10,96997051,699,699,,手机价,,http://wp.sharkshopping.com/product/96997051,http://mallpic.ghs.net/oss/9d282/61f9c/679029d23582cd44945b05350ed61f9c.png,保健营养,营养成分,其他营养
2026-04-20,4月20日,21:20,22:00,营养成分,云杉,美国云杉新一代PEA非变性骨胶原肽,96721035,799,799,,手机价,,http://wp.sharkshopping.com/product/96721035,http://mallpic.ghs.net/oss/237ad/93c33/c0419237e4ada346118a8f99aa793c33.png,保健营养,营养成分,其他营养
2026-04-20,4月20日,22:00,22:40,滋补养生,礼贡堂,礼贡堂五十二位茯湿丸,97097003,369,399,TV价,手机价,立减30,http://wp.sharkshopping.com/product/97097003,http://mallpic.ghs.net/oss/efc77/2a36b/fb2c9efc02773147a7b80ce96532a36b.jpg,保健营养,滋补养生,其他滋补
2026-04-20,4月20日,22:40,23:20,保健器械,其他,BENMU本慕万肤拔毒膏健康组,97093053,339,399,聚鲨价,手机价,8.5折,http://wp.sharkshopping.com/product/97093053,http://mallpic.ghs.net/oss/fdfd0/a68d6/0741dfdf0ed0e141bef98d0a66fa68d6.png,保健营养,保健器械,家庭护理
2026-04-20,4月20日,23:20,00:00,头发护理,其他,青未卓娅丽娜乌斯曼皂,97096774,279,299,TV价,手机价,立减20,http://wp.sharkshopping.com/product/97096774,http://mallpic.ghs.net/oss/89173/a4d96/4bc37891ee731d487f28112db7aa4d96.png,美妆个护,头发护理,洗发
2026-04-21,4月21日,00:00,00:40,营养成分,其他,泰国进口南洋万金按摩膏,97094585,339,399,聚鲨价,手机价,8.5折,http://wp.sharkshopping.com/product/97094585,http://mallpic.ghs.net/oss/18b09/df50f/40d6218b1609714f6caa6ee7091df50f.png,保健营养,营养成分,其他营养
2026-04-21,4月21日,00:40,01:20,茗茶,其他,2026年明前春之获恩施硒茶,97096570,369,399,TV价,手机价,立减30,http://wp.sharkshopping.com/product/97096570,http://mallpic.ghs.net/oss/852b4/1d9b7/73505852d1b4f741742b62f5f931d9b7.jpg,酒水茗茶,茗茶,绿茶
2026-04-21,4月21日,01:20,02:00,滋补养生,礼贡堂,礼贡堂五十二位茯湿丸,97097003,369,399,TV价,手机价,立减30,http://wp.sharkshopping.com/product/97097003,http://mallpic.ghs.net/oss/efc77/2a36b/fb2c9efc02773147a7b80ce96532a36b.jpg,保健营养,滋补养生,其他滋补
2026-04-21,4月21日,02:00,02:40,保健器械,礼贡堂,礼贡堂糖舒通三清保健贴,97096731,369,399,TV价,手机价,立减30,http://wp.sharkshopping.com/product/97096731,http://mallpic.ghs.net/oss/ded07/be646/3e5a8ded71077d49493b88e05aebe646.jpg,保健营养,保健器械,家庭护理
2026-04-21,4月21日,02:40,03:20,保健器械,其他,藏枝拂德扶阳固本贴健康组,97096732,369,399,TV价,手机价,立减30,http://wp.sharkshopping.com/product/97096732,http://mallpic.ghs.net/oss/7d0cd/aa8ec/0be087d07acd824a0448637252baa8ec.jpg,保健营养,保健器械,家庭护理
2026-04-21,4月21日,03:20,04:00,粮油调味,五谷康,五谷新势力小麦胚芽,97093295,199,199,,手机价,,http://wp.sharkshopping.com/product/97093295,http://mallpic.ghs.net/oss/9b342/adafa/076c89b30642ea47f33b5b2d947adafa.png,粮油生鲜,粮油调味,杂粮
2026-04-21,4月21日,04:00,04:40,头发护理,其他,青未卓娅丽娜乌斯曼皂,97096774,279,299,TV价,手机价,立减20,http://wp.sharkshopping.com/product/97096774,http://mallpic.ghs.net/oss/89173/a4d96/4bc37891ee731d487f28112db7aa4d96.png,美妆个护,头发护理,洗发
2026-04-21,4月21日,04:40,05:20,保健器械,其他,NorsBerlan鼻舒通油健康组,97096480,369,399,TV价,手机价,立减30,http://wp.sharkshopping.com/product/97096480,http://mallpic.ghs.net/oss/a05cc/66ff9/ac08ca0597cc1642c2296f0ca6066ff9.png,保健营养,保健器械,家庭护理
2026-04-21,4月21日,05:20,06:00,滋补养生,其他,御寿堂加拿大西洋参切片,97094021,369,399,TV价,手机价,立减30,http://wp.sharkshopping.com/product/97094021,http://mallpic.ghs.net/oss/cc648/68cb2/25f37cc65248ca430fba7d5431368cb2.png,保健营养,滋补养生,人参/西洋参
2026-04-21,4月21日,06:00,06:50,营养成分,云杉,美国云杉新一代PEA非变性骨胶原肽,96721035,799,799,,手机价,,http://wp.sharkshopping.com/product/96721035,http://mallpic.ghs.net/oss/237ad/93c33/c0419237e4ada346118a8f99aa793c33.png,保健营养,营养成分,其他营养
2026-04-21,4月21日,06:50,07:30,滋补养生,礼贡堂,礼贡堂五十二位茯湿丸,97097003,369,399,TV价,手机价,立减30,http://wp.sharkshopping.com/product/97097003,http://mallpic.ghs.net/oss/efc77/2a36b/fb2c9efc02773147a7b80ce96532a36b.jpg,保健营养,滋补养生,其他滋补
2026-04-21,4月21日,07:30,08:20,营养成分,云杉,美国云杉高活性叶酸甲钴胺神经素,9633080,1088,1088,,手机价,,http://wp.sharkshopping.com/product/9633080,http://mallpic.ghs.net/oss/34a72/71795/a7aa334ad07294480448efd8e9171795.png,保健营养,营养成分,其他营养
2026-04-21,4月21日,08:20,09:00,男鞋专区,苹果,APPLE苹果镂空牛皮男鞋,97094422,149,149,,手机价,,http://wp.sharkshopping.com/product/97094422,http://mallpic.ghs.net/oss/a6f36/bc8bb/cc93fa6fa636554dc188866eccbbc8bb.jpg,服饰鞋包,男鞋专区,男士皮鞋/商务鞋
2026-04-21,4月21日,09:00,09:40,营养成分,拜滋,美国Bayzi拜滋新一代骨肌肽,96514542,699,699,,手机价,,http://wp.sharkshopping.com/product/96514542,http://mallpic.ghs.net/oss/44bae/edd54/b32c344b6daed344d11aafcda6fedd54.png,保健营养,营养成分,其他营养
2026-04-21,4月21日,09:40,10:20,营养成分,云杉,美国Spruce新一代牛樟芝加强黄金素,96537773,1299,1299,,手机价,,http://wp.sharkshopping.com/product/96537773,http://mallpic.ghs.net/oss/a0046/7677b/5c8daa000c462a4b036ba8dc7017677b.png,保健营养,营养成分,其他营养
2026-04-21,4月21日,10:20,11:00,饮料冲调,其他,花颜蜜予黑蜂薰衣草蜜,97097053,199,199,,手机价,,http://wp.sharkshopping.com/product/97097053,http://mallpic.ghs.net/oss/2b029/0a6ee/8eae92b02d29404095f9ccc7b2e0a6ee.png,休闲食品,饮料冲调,蜂蜜/蜂产品
2026-04-21,4月21日,11:00,11:40,身体洗护,其他,蒙元巴图固本无忧漏尿保健贴,97095693,369,399,TV价,手机价,立减30,http://wp.sharkshopping.com/product/97095693,http://mallpic.ghs.net/oss/4661e/c895d/fa99c466251ed24f60c8f82cb51c895d.png,美妆个护,身体洗护,其他护理
2026-04-21,4月21日,11:40,12:20,休闲食品,其他,寿星翁陈皮甘草金桔,97097054,199,199,,手机价,,http://wp.sharkshopping.com/product/97097054,http://mallpic.ghs.net/oss/421c9/eb827/4af4f421c6c9394eaa383c4c657eb827.jpg,休闲食品,休闲食品,休闲零食
2026-04-21,4月21日,12:20,13:00,营养成分,拜滋,美国拜滋Bayzi新一代血净宝,97089440,1299,1299,,手机价,,http://wp.sharkshopping.com/product/97089440,http://mallpic.ghs.net/oss/a4afe/407aa/025a7a4a81fe274fe79844789e8407aa.png,保健营养,营养成分,其他营养
2026-04-21,4月21日,13:00,13:40,营养成分,云杉,美国云杉新一代东革阿里黑金能量丸,96511701,799,799,,手机价,,http://wp.sharkshopping.com/product/96511701,http://mallpic.ghs.net/oss/17483/96ccd/3a61017475836f498bf80f2f56996ccd.png,保健营养,营养成分,其他营养
2026-04-21,4月21日,13:40,14:20,保健器械,其他,DR.DAOKING尤肤平保健液,97096849,369,399,TV价,手机价,立减30,http://wp.sharkshopping.com/product/97096849,http://mallpic.ghs.net/oss/00abf/04c50/8945f00ac9bf874d36e8d542bbf04c50.jpg,保健营养,保健器械,家庭护理
2026-04-21,4月21日,14:20,15:00,营养成分,拜滋,美国拜滋bayzi护眼明视片,97088702,599,599,,手机价,,http://wp.sharkshopping.com/product/97088702,http://mallpic.ghs.net/oss/93d8e/5935f/8f95493df68e4a4c41288a343175935f.png,保健营养,营养成分,叶黄素
2026-04-21,4月21日,15:00,15:40,滋补养生,其他,韵杯15年化州橘红健康组,97096851,469,499,TV价,手机价,立减30,http://wp.sharkshopping.com/product/97096851,http://mallpic.ghs.net/oss/d3cdd/4a0e6/bbc1ad3cdfdde04cad18fb1b5644a0e6.jpg,保健营养,滋补养生,其他滋补
2026-04-21,4月21日,15:40,16:30,营养成分,云杉,美国云杉高活性叶酸甲钴胺神经素,9633080,1088,1088,,手机价,,http://wp.sharkshopping.com/product/9633080,http://mallpic.ghs.net/oss/34a72/71795/a7aa334ad07294480448efd8e9171795.png,保健营养,营养成分,其他营养
2026-04-21,4月21日,16:30,17:10,保健器械,其他,DR.DAOKING脉管康,97096449,369,399,TV价,手机价,立减30,http://wp.sharkshopping.com/product/97096449,http://mallpic.ghs.net/oss/4a03a/797b0/e34ae4a0023a0048f36aee74edd797b0.jpg,保健营养,保健器械,家庭护理
2026-04-21,4月21日,17:10,18:00,营养成分,拜滋,美国拜滋Bayzi高纯还原辅酶Q10,96997051,699,699,,手机价,,http://wp.sharkshopping.com/product/96997051,http://mallpic.ghs.net/oss/9d282/61f9c/679029d23582cd44945b05350ed61f9c.png,保健营养,营养成分,其他营养
2026-04-21,4月21日,18:00,18:40,营养成分,云杉,美国Spruce新一代槲皮素肺舒宝	,95451900,499,499,,手机价,,http://wp.sharkshopping.com/product/95451900,http://mallpic.ghs.net/oss/b1063/267b7/26c22b105c63ab423f8a810294f267b7.png,保健营养,营养成分,其他营养
2026-04-21,4月21日,18:40,19:20,滋补养生,礼贡堂,礼贡堂五十二位茯湿丸,97097003,369,399,TV价,手机价,立减30,http://wp.sharkshopping.com/product/97097003,http://mallpic.ghs.net/oss/efc77/2a36b/fb2c9efc02773147a7b80ce96532a36b.jpg,保健营养,滋补养生,其他滋补
2026-04-21,4月21日,19:20,20:00,营养成分,拜滋,美国Bayzi拜滋深度睡眠四维神经素,97095874,699,699,,手机价,,http://wp.sharkshopping.com/product/97095874,http://mallpic.ghs.net/oss/feac8/8cd33/77c8efea86c8ec4055987a6765b8cd33.jpg,保健营养,营养成分,其他营养
2026-04-21,4月21日,20:00,20:40,营养成分,云杉,美国云杉新一代PEA非变性骨胶原肽,96721035,799,799,,手机价,,http://wp.sharkshopping.com/product/96721035,http://mallpic.ghs.net/oss/237ad/93c33/c0419237e4ada346118a8f99aa793c33.png,保健营养,营养成分,其他营养
2026-04-21,4月21日,20:40,21:20,头发护理,其他,青未卓娅丽娜乌斯曼皂,97096774,279,299,TV价,手机价,立减20,http://wp.sharkshopping.com/product/97096774,http://mallpic.ghs.net/oss/89173/a4d96/4bc37891ee731d487f28112db7aa4d96.png,美妆个护,头发护理,洗发
2026-04-21,4月21日,21:20,22:00,营养成分,云杉,美国Spruce新一代牛樟芝加强黄金素,96537773,1299,1299,,手机价,,http://wp.sharkshopping.com/product/96537773,http://mallpic.ghs.net/oss/a0046/7677b/5c8daa000c462a4b036ba8dc7017677b.png,保健营养,营养成分,其他营养
2026-04-21,4月21日,22:00,22:40,保健器械,其他,FRUVGE舒脉通健康组,97094072,369,399,TV价,手机价,立减30,http://wp.sharkshopping.com/product/97094072,http://mallpic.ghs.net/oss/af4f0/c9c2b/b6777af42cf01448a33850b6105c9c2b.png,保健营养,保健器械,家庭护理
2026-04-21,4月21日,22:40,23:20,饮料冲调,其他,西藏金银花藏蜂蜜,97096798,279,299,TV价,手机价,立减20,http://wp.sharkshopping.com/product/97096798,http://mallpic.ghs.net/oss/8c5fc/5c8c5/78b128c5e1fc524224684a48ca35c8c5.jpg,休闲食品,饮料冲调,蜂蜜/蜂产品
2026-04-21,4月21日,23:20,00:00,保健器械,其他,BENMU本慕万肤拔毒膏健康组,97093053,339,399,聚鲨价,手机价,8.5折,http://wp.sharkshopping.com/product/97093053,http://mallpic.ghs.net/oss/fdfd0/a68d6/0741dfdf0ed0e141bef98d0a66fa68d6.png,保健营养,保健器械,家庭护理
2026-04-22,4月22日,00:00,00:40,滋补养生,礼贡堂,礼贡堂五十二位茯湿丸,97097003,369,399,TV价,手机价,立减30,http://wp.sharkshopping.com/product/97097003,http://mallpic.ghs.net/oss/efc77/2a36b/fb2c9efc02773147a7b80ce96532a36b.jpg,保健营养,滋补养生,其他滋补
2026-04-22,4月22日,00:40,01:20,头发护理,其他,青未卓娅丽娜乌斯曼皂,97096774,279,299,TV价,手机价,立减20,http://wp.sharkshopping.com/product/97096774,http://mallpic.ghs.net/oss/89173/a4d96/4bc37891ee731d487f28112db7aa4d96.png,美妆个护,头发护理,洗发
2026-04-22,4月22日,01:20,02:00,保健器械,其他,Delewal四季骨能王,97096007,469,499,TV价,手机价,立减30,http://wp.sharkshopping.com/product/97096007,http://mallpic.ghs.net/oss/4cdd1/cceaf/4ba324cdfcd1b042f008545ec8bcceaf.jpg,保健营养,保健器械,家庭护理
2026-04-22,4月22日,02:00,02:40,茗茶,其他,2026明前特级头采黄金芽,97096483,369,399,TV价,手机价,立减30,http://wp.sharkshopping.com/product/97096483,http://mallpic.ghs.net/oss/bb5b8/de990/66e9ebb522b83143788992902d4de990.png,酒水茗茶,茗茶,绿茶
2026-04-22,4月22日,02:40,03:20,身体洗护,其他,北欧进口莱蒙麦尔东方茉莉皂,97095108,279,299,TV价,手机价,立减20,http://wp.sharkshopping.com/product/97095108,http://mallpic.ghs.net/oss/2da21/b31ca/5db842da0121e4492d29b7fbb57b31ca.jpg,美妆个护,身体洗护,香皂
2026-04-22,4月22日,03:20,04:00,保健器械,其他,藏洲堂轻姿保健贴,97096848,369,399,TV价,手机价,立减30,http://wp.sharkshopping.com/product/97096848,http://mallpic.ghs.net/oss/b8676/38b5b/100b0b86fc76494a867885a8fda38b5b.jpg,保健营养,保健器械,家庭护理
2026-04-22,4月22日,04:00,04:40,保健器械,其他,BENMU本慕万肤拔毒膏健康组,97093053,339,399,聚鲨价,手机价,8.5折,http://wp.sharkshopping.com/product/97093053,http://mallpic.ghs.net/oss/fdfd0/a68d6/0741dfdf0ed0e141bef98d0a66fa68d6.png,保健营养,保健器械,家庭护理
2026-04-22,4月22日,04:40,05:20,保健器械,其他,藏洲堂沉香牛黄保健油,97096111,469,499,TV价,手机价,立减30,http://wp.sharkshopping.com/product/97096111,http://mallpic.ghs.net/oss/ae4e1/d3908/3efa4ae45ce14b4c885b42c2330d3908.jpg,保健营养,保健器械,家庭护理
2026-04-22,4月22日,05:20,06:00,滋补养生,礼贡堂,礼贡堂五十二位茯湿丸,97097003,369,399,TV价,手机价,立减30,http://wp.sharkshopping.com/product/97097003,http://mallpic.ghs.net/oss/efc77/2a36b/fb2c9efc02773147a7b80ce96532a36b.jpg,保健营养,滋补养生,其他滋补
2026-04-22,4月22日,06:00,06:50,营养成分,云杉,美国云杉新一代肾康动力黄金肽,96483954,799,799,,手机价,,http://wp.sharkshopping.com/product/96483954,http://mallpic.ghs.net/oss/73cb6/9b8eb/893a173c08b6ae491dd855d41119b8eb.png,保健营养,营养成分,其他营养
2026-04-22,4月22日,06:50,07:30,营养成分,其他,泰国进口南洋万金按摩膏,97094585,339,399,聚鲨价,手机价,8.5折,http://wp.sharkshopping.com/product/97094585,http://mallpic.ghs.net/oss/18b09/df50f/40d6218b1609714f6caa6ee7091df50f.png,保健营养,营养成分,其他营养
2026-04-22,4月22日,07:30,08:20,营养成分,云杉,美国Spruce新一代牛樟芝加强黄金素,96537773,1299,1299,,手机价,,http://wp.sharkshopping.com/product/96537773,http://mallpic.ghs.net/oss/a0046/7677b/5c8daa000c462a4b036ba8dc7017677b.png,保健营养,营养成分,其他营养
2026-04-22,4月22日,08:20,09:00,运动,其他,哥奢美式休闲运动套装,97094649,129,129,,手机价,,http://wp.sharkshopping.com/product/97094649,http://mallpic.ghs.net/oss/46867/a31ae/419484688c67c443307ba0ad102a31ae.png,服饰鞋包,运动,运动服
2026-04-22,4月22日,09:00,09:40,营养成分,云杉,美国云杉新一代PEA非变性骨胶原肽,96721035,799,799,,手机价,,http://wp.sharkshopping.com/product/96721035,http://mallpic.ghs.net/oss/237ad/93c33/c0419237e4ada346118a8f99aa793c33.png,保健营养,营养成分,其他营养
2026-04-22,4月22日,09:40,10:20,营养成分,REIKI ERA,美国RE十二精粹护肺饮养护组,97096899,599,599,,手机价,,http://wp.sharkshopping.com/product/97096899,http://mallpic.ghs.net/oss/2109b/5f7c9/f2b532109d9b2d4df099951d5265f7c9.jpg,保健营养,营养成分,蛋白质
2026-04-22,4月22日,10:20,11:00,粮油调味,其他,岽鲜葛福记沂蒙红芽头茬香椿酱,97096776,99,99,,手机价,,http://wp.sharkshopping.com/product/97096776,http://mallpic.ghs.net/oss/c09f2/07eb4/b9b1ec0980f27842634bfd68e3707eb4.png,粮油生鲜,粮油调味,调味品
2026-04-22,4月22日,11:00,11:40,滋补养生,其他,九仙尊有机霍山石斛原浆健康组,97096843,559,599,TV价,手机价,立减40,http://wp.sharkshopping.com/product/97096843,http://mallpic.ghs.net/oss/9f724/d3f35/2df6e9f76124284c5129447d284d3f35.jpg,保健营养,滋补养生,石斛/枫斗
2026-04-22,4月22日,11:40,12:20,面部护肤,LCCN,LCCN玻色因塑颜紧致抗皱霜,97093061,424,499,聚鲨价,手机价,8.5折,http://wp.sharkshopping.com/product/97093061,http://mallpic.ghs.net/oss/83022/a9eee/d0505830f222ae4fe938ff1afdda9eee.png,美妆个护,面部护肤,乳液/面霜
2026-04-22,4月22日,12:20,13:10,营养成分,拜滋,美国拜滋Bayzi高纯还原辅酶Q10,96997051,699,699,,手机价,,http://wp.sharkshopping.com/product/96997051,http://mallpic.ghs.net/oss/9d282/61f9c/679029d23582cd44945b05350ed61f9c.png,保健营养,营养成分,其他营养
2026-04-22,4月22日,13:10,13:50,营养成分,其他,泰国进口南洋万金按摩膏,97094585,339,399,聚鲨价,手机价,8.5折,http://wp.sharkshopping.com/product/97094585,http://mallpic.ghs.net/oss/18b09/df50f/40d6218b1609714f6caa6ee7091df50f.png,保健营养,营养成分,其他营养
2026-04-22,4月22日,13:50,14:40,营养成分,云杉,美国Spruce新一代牛樟芝加强黄金素,96537773,1299,1299,,手机价,,http://wp.sharkshopping.com/product/96537773,http://mallpic.ghs.net/oss/a0046/7677b/5c8daa000c462a4b036ba8dc7017677b.png,保健营养,营养成分,其他营养
2026-04-22,4月22日,14:40,15:20,木手串把件,其他,是心添香合香珠套组,97095586,469,499,TV价,手机价,立减30,http://wp.sharkshopping.com/product/97095586,http://mallpic.ghs.net/oss/e48b8/3a834/27bdde48f1b8394eb44917bbbf23a834.jpg,珠宝钟表,木手串把件,其他材质
2026-04-22,4月22日,16:00,16:40,营养成分,云杉,美国云杉北美草本黄金指甲液,96379180,424,424,,手机价,,http://wp.sharkshopping.com/product/96379180,http://mallpic.ghs.net/oss/035ac/443fb/b3b72035aeacbf41170998f98c4443fb.png,保健营养,营养成分,其他营养
2026-04-22,4月22日,16:40,17:20,锅具刀具,帝伯朗,帝伯朗浮光氧吧锅套组,97096067,559,599,TV价,手机价,立减40,http://wp.sharkshopping.com/product/97096067,http://mallpic.ghs.net/oss/d2039/f58fa/7bff4d20d839ad4e4758764125cf58fa.jpg,厨房用具,锅具刀具,汤锅/奶锅
2026-04-22,4月22日,17:20,18:00,中外名酒,其他,椰岛八珍酒健康组,97097002,559,599,TV价,手机价,立减40,http://wp.sharkshopping.com/product/97097002,http://mallpic.ghs.net/oss/2076c/f1b68/1e68d2070c6c1543cb185968630f1b68.jpg,酒水茗茶,中外名酒,黄酒/养生酒
2026-04-22,4月22日,18:00,18:40,营养成分,拜滋,美国Bayzi拜滋新一代骨肌肽,96514542,699,699,,手机价,,http://wp.sharkshopping.com/product/96514542,http://mallpic.ghs.net/oss/44bae/edd54/b32c344b6daed344d11aafcda6fedd54.png,保健营养,营养成分,其他营养
2026-04-22,4月22日,18:40,19:20,营养成分,云杉,美国云杉新一代肾康动力黄金肽,96483954,799,799,,手机价,,http://wp.sharkshopping.com/product/96483954,http://mallpic.ghs.net/oss/73cb6/9b8eb/893a173c08b6ae491dd855d41119b8eb.png,保健营养,营养成分,其他营养
2026-04-22,4月22日,19:20,20:00,营养成分,其他,礼贡堂中元益宝牌灵芝孢子油软胶囊,97096841,554,594,TV价,手机价,立减40,http://wp.sharkshopping.com/product/97096841,http://mallpic.ghs.net/oss/7bfb0/5fb05/dfd6c7bf1eb0fb4d8cc85ce72735fb05.jpg,保健营养,营养成分,其他营养
2026-04-22,4月22日,20:00,20:40,营养成分,云杉,美国云杉新一代小分子黄金水蛭素,96555554,999,999,,手机价,,http://wp.sharkshopping.com/product/96555554,http://mallpic.ghs.net/oss/cd8f1/d1e78/d8d4fcd84bf16c4acc3806f6ac6d1e78.png,保健营养,营养成分,其他营养
2026-04-22,4月22日,20:40,21:20,滋补养生,礼贡堂,礼贡堂五十二位茯湿丸,97097003,369,399,TV价,手机价,立减30,http://wp.sharkshopping.com/product/97097003,http://mallpic.ghs.net/oss/efc77/2a36b/fb2c9efc02773147a7b80ce96532a36b.jpg,保健营养,滋补养生,其他滋补
2026-04-22,4月22日,21:20,22:00,营养成分,云杉,美国Spruce新一代槲皮素肺舒宝	,95451900,499,499,,手机价,,http://wp.sharkshopping.com/product/95451900,http://mallpic.ghs.net/oss/b1063/267b7/26c22b105c63ab423f8a810294f267b7.png,保健营养,营养成分,其他营养
2026-04-22,4月22日,22:00,22:40,头发护理,其他,青未卓娅丽娜乌斯曼皂,97096774,279,299,TV价,手机价,立减20,http://wp.sharkshopping.com/product/97096774,http://mallpic.ghs.net/oss/89173/a4d96/4bc37891ee731d487f28112db7aa4d96.png,美妆个护,头发护理,洗发
2026-04-22,4月22日,22:40,23:20,滋补养生,其他,御寿堂加拿大西洋参切片,97094021,369,399,TV价,手机价,立减30,http://wp.sharkshopping.com/product/97094021,http://mallpic.ghs.net/oss/cc648/68cb2/25f37cc65248ca430fba7d5431368cb2.png,保健营养,滋补养生,人参/西洋参
2026-04-22,4月22日,23:20,00:00,营养成分,其他,泰国进口南洋万金按摩膏,97094585,339,399,聚鲨价,手机价,8.5折,http://wp.sharkshopping.com/product/97094585,http://mallpic.ghs.net/oss/18b09/df50f/40d6218b1609714f6caa6ee7091df50f.png,保健营养,营养成分,其他营养
2026-04-23,4月23日,00:00,00:40,滋补养生,礼贡堂,礼贡堂五十二位茯湿丸,97097003,369,399,TV价,手机价,立减30,http://wp.sharkshopping.com/product/97097003,http://mallpic.ghs.net/oss/efc77/2a36b/fb2c9efc02773147a7b80ce96532a36b.jpg,保健营养,滋补养生,其他滋补
2026-04-23,4月23日,00:40,01:20,饮料冲调,其他,西藏金银花藏蜂蜜,97096798,279,299,TV价,手机价,立减20,http://wp.sharkshopping.com/product/97096798,http://mallpic.ghs.net/oss/8c5fc/5c8c5/78b128c5e1fc524224684a48ca35c8c5.jpg,休闲食品,饮料冲调,蜂蜜/蜂产品
2026-04-23,4月23日,01:20,02:00,保健器械,其他,BENMU本慕万肤拔毒膏健康组,97093053,339,399,聚鲨价,手机价,8.5折,http://wp.sharkshopping.com/product/97093053,http://mallpic.ghs.net/oss/fdfd0/a68d6/0741dfdf0ed0e141bef98d0a66fa68d6.png,保健营养,保健器械,家庭护理
2026-04-23,4月23日,02:00,02:40,保健器械,其他,藏洲堂轻姿保健贴,97096848,369,399,TV价,手机价,立减30,http://wp.sharkshopping.com/product/97096848,http://mallpic.ghs.net/oss/b8676/38b5b/100b0b86fc76494a867885a8fda38b5b.jpg,保健营养,保健器械,家庭护理
2026-04-23,4月23日,02:40,03:20,保健器械,其他,Delewal四季骨能王,97096007,469,499,TV价,手机价,立减30,http://wp.sharkshopping.com/product/97096007,http://mallpic.ghs.net/oss/4cdd1/cceaf/4ba324cdfcd1b042f008545ec8bcceaf.jpg,保健营养,保健器械,家庭护理
2026-04-23,4月23日,03:20,04:00,保健器械,礼贡堂,礼贡堂糖舒通三清保健贴,97096731,369,399,TV价,手机价,立减30,http://wp.sharkshopping.com/product/97096731,http://mallpic.ghs.net/oss/ded07/be646/3e5a8ded71077d49493b88e05aebe646.jpg,保健营养,保健器械,家庭护理
2026-04-23,4月23日,04:00,04:40,保健器械,其他,藏洲堂沉香牛黄保健油,97096111,469,499,TV价,手机价,立减30,http://wp.sharkshopping.com/product/97096111,http://mallpic.ghs.net/oss/ae4e1/d3908/3efa4ae45ce14b4c885b42c2330d3908.jpg,保健营养,保健器械,家庭护理
2026-04-23,4月23日,04:40,05:20,保健器械,其他,NorsBerlan鼻舒通油健康组,97096480,369,399,TV价,手机价,立减30,http://wp.sharkshopping.com/product/97096480,http://mallpic.ghs.net/oss/a05cc/66ff9/ac08ca0597cc1642c2296f0ca6066ff9.png,保健营养,保健器械,家庭护理
2026-04-23,4月23日,05:20,06:00,滋补养生,其他,御寿堂加拿大西洋参切片,97094021,369,399,TV价,手机价,立减30,http://wp.sharkshopping.com/product/97094021,http://mallpic.ghs.net/oss/cc648/68cb2/25f37cc65248ca430fba7d5431368cb2.png,保健营养,滋补养生,人参/西洋参
2026-04-23,4月23日,06:00,06:50,营养成分,云杉,美国云杉高活性叶酸甲钴胺神经素,9633080,1088,1088,,手机价,,http://wp.sharkshopping.com/product/9633080,http://mallpic.ghs.net/oss/34a72/71795/a7aa334ad07294480448efd8e9171795.png,保健营养,营养成分,其他营养
2026-04-23,4月23日,06:50,07:30,滋补养生,礼贡堂,礼贡堂五十二位茯湿丸,97097003,369,399,TV价,手机价,立减30,http://wp.sharkshopping.com/product/97097003,http://mallpic.ghs.net/oss/efc77/2a36b/fb2c9efc02773147a7b80ce96532a36b.jpg,保健营养,滋补养生,其他滋补
2026-04-23,4月23日,07:30,08:20,营养成分,云杉,美国Spruce新一代牛樟芝加强黄金素,96537773,1299,1299,,手机价,,http://wp.sharkshopping.com/product/96537773,http://mallpic.ghs.net/oss/a0046/7677b/5c8daa000c462a4b036ba8dc7017677b.png,保健营养,营养成分,其他营养
2026-04-23,4月23日,08:20,09:00,运动,其他,哥奢美式休闲运动套装,97094649,129,129,,手机价,,http://wp.sharkshopping.com/product/97094649,http://mallpic.ghs.net/oss/46867/a31ae/419484688c67c443307ba0ad102a31ae.png,服饰鞋包,运动,运动服
2026-04-23,4月23日,09:00,09:40,营养成分,云杉,跨境品Spruce新一代黄金眼视康,97085752,399,399,,手机价,,http://wp.sharkshopping.com/product/97085752,http://mallpic.ghs.net/oss/ec294/51ec0/8a9fdec2a9948e4402581bd6ff851ec0.png,保健营养,营养成分,其他营养
2026-04-23,4月23日,09:40,10:20,营养成分,拜滋,美国拜滋Bayzi高纯还原辅酶Q10,96997051,699,699,,手机价,,http://wp.sharkshopping.com/product/96997051,http://mallpic.ghs.net/oss/9d282/61f9c/679029d23582cd44945b05350ed61f9c.png,保健营养,营养成分,其他营养
2026-04-23,4月23日,10:20,11:00,男鞋专区,苹果,APPLE苹果镂空牛皮男鞋,97094422,149,149,,手机价,,http://wp.sharkshopping.com/product/97094422,http://mallpic.ghs.net/oss/a6f36/bc8bb/cc93fa6fa636554dc188866eccbbc8bb.jpg,服饰鞋包,男鞋专区,男士皮鞋/商务鞋
2026-04-23,4月23日,11:00,11:40,营养成分,云杉,美国云杉新一代AKK糖脂分解菌,97091777,425,425,,手机价,,http://wp.sharkshopping.com/product/97091777,http://mallpic.ghs.net/oss/94f1d/2c56f/8fa4894f351d1f4443f868f5c652c56f.png,保健营养,营养成分,其他营养
2026-04-23,4月23日,11:40,12:20,身体洗护,其他,拉脱维亚进口莱蒙麦尔合欢花皂,97097051,288,339,聚鲨价,手机价,8.5折,http://wp.sharkshopping.com/product/97097051,http://mallpic.ghs.net/oss/dd580/c816f/a7b78dd590805d412af8eb5bceac816f.png,美妆个护,身体洗护,香皂
2026-04-23,4月23日,12:20,13:00,滋补养生,青食,吴大真反式虾青素正唐丸,97097086,759,799,TV价,手机价,立减40,http://wp.sharkshopping.com/product/97097086,http://mallpic.ghs.net/oss/b0990/187bd/97b90b096490ac436db8763ed01187bd.jpg,保健营养,滋补养生,枸杞
2026-04-23,4月23日,13:00,13:40,保健器械,其他,FRUVGE舒脉通健康组,97094072,369,399,TV价,手机价,立减30,http://wp.sharkshopping.com/product/97094072,http://mallpic.ghs.net/oss/af4f0/c9c2b/b6777af42cf01448a33850b6105c9c2b.png,保健营养,保健器械,家庭护理
2026-04-23,4月23日,13:40,14:20,滋补养生,其他,韵杯15年化州橘红健康组,97096851,469,499,TV价,手机价,立减30,http://wp.sharkshopping.com/product/97096851,http://mallpic.ghs.net/oss/d3cdd/4a0e6/bbc1ad3cdfdde04cad18fb1b5644a0e6.jpg,保健营养,滋补养生,其他滋补
2026-04-23,4月23日,14:20,15:00,营养成分,拜滋,美国Bayzi拜滋新一代骨肌肽,96514542,699,699,,手机价,,http://wp.sharkshopping.com/product/96514542,http://mallpic.ghs.net/oss/44bae/edd54/b32c344b6daed344d11aafcda6fedd54.png,保健营养,营养成分,其他营养
2026-04-23,4月23日,15:00,15:40,营养成分,云杉,美国云杉新一代东革阿里黑金能量丸,96511701,799,799,,手机价,,http://wp.sharkshopping.com/product/96511701,http://mallpic.ghs.net/oss/17483/96ccd/3a61017475836f498bf80f2f56996ccd.png,保健营养,营养成分,其他营养
2026-04-23,4月23日,15:40,16:20,茗茶,其他,2026年老班章春茶头采封坛VIP组,97096879,1940,1980,TV价,手机价,立减40,http://wp.sharkshopping.com/product/97096879,http://mallpic.ghs.net/oss/aed08/8a1f3/5872baed8908844757b85ff88ef8a1f3.png,酒水茗茶,茗茶,普洱茶
2026-04-23,4月23日,16:20,17:10,营养成分,云杉,美国云杉高活性叶酸甲钴胺神经素,9633080,1088,1088,,手机价,,http://wp.sharkshopping.com/product/9633080,http://mallpic.ghs.net/oss/34a72/71795/a7aa334ad07294480448efd8e9171795.png,保健营养,营养成分,其他营养
2026-04-23,4月23日,17:10,18:00,滋补养生,礼贡堂,礼贡堂五十二位茯湿丸,97097003,369,399,TV价,手机价,立减30,http://wp.sharkshopping.com/product/97097003,http://mallpic.ghs.net/oss/efc77/2a36b/fb2c9efc02773147a7b80ce96532a36b.jpg,保健营养,滋补养生,其他滋补
2026-04-23,4月23日,18:00,18:40,营养成分,拜滋,美国拜滋Bayzi新一代血净宝,97089440,1299,1299,,手机价,,http://wp.sharkshopping.com/product/97089440,http://mallpic.ghs.net/oss/a4afe/407aa/025a7a4a81fe274fe79844789e8407aa.png,保健营养,营养成分,其他营养
2026-04-23,4月23日,18:40,19:20,营养成分,云杉,美国Spruce新一代槲皮素肺舒宝	,95451900,499,499,,手机价,,http://wp.sharkshopping.com/product/95451900,http://mallpic.ghs.net/oss/b1063/267b7/26c22b105c63ab423f8a810294f267b7.png,保健营养,营养成分,其他营养
2026-04-23,4月23日,19:20,20:00,保健器械,礼贡堂,礼贡堂糖舒通三清保健贴,97096731,369,399,TV价,手机价,立减30,http://wp.sharkshopping.com/product/97096731,http://mallpic.ghs.net/oss/ded07/be646/3e5a8ded71077d49493b88e05aebe646.jpg,保健营养,保健器械,家庭护理
2026-04-23,4月23日,20:00,20:40,营养成分,云杉,美国云杉新一代PEA非变性骨胶原肽,96721035,799,799,,手机价,,http://wp.sharkshopping.com/product/96721035,http://mallpic.ghs.net/oss/237ad/93c33/c0419237e4ada346118a8f99aa793c33.png,保健营养,营养成分,其他营养
2026-04-23,4月23日,21:20,22:00,营养成分,云杉,美国Spruce新一代胃舒平黄金宝,97088674,499,499,,手机价,,http://wp.sharkshopping.com/product/97088674,http://mallpic.ghs.net/oss/53303/6de36/f2b2a53394034841bc58b35a6bb6de36.png,保健营养,营养成分,其他营养
2026-04-23,4月23日,22:00,22:40,饮料冲调,其他,西藏金银花藏蜂蜜,97096798,279,299,TV价,手机价,立减20,http://wp.sharkshopping.com/product/97096798,http://mallpic.ghs.net/oss/8c5fc/5c8c5/78b128c5e1fc524224684a48ca35c8c5.jpg,休闲食品,饮料冲调,蜂蜜/蜂产品
2026-04-23,4月23日,22:40,23:20,滋补养生,礼贡堂,礼贡堂五十二位茯湿丸,97097003,369,399,TV价,手机价,立减30,http://wp.sharkshopping.com/product/97097003,http://mallpic.ghs.net/oss/efc77/2a36b/fb2c9efc02773147a7b80ce96532a36b.jpg,保健营养,滋补养生,其他滋补
2026-04-23,4月23日,23:20,00:00,保健器械,其他,BENMU本慕万肤拔毒膏健康组,97093053,339,399,聚鲨价,手机价,8.5折,http://wp.sharkshopping.com/product/97093053,http://mallpic.ghs.net/oss/fdfd0/a68d6/0741dfdf0ed0e141bef98d0a66fa68d6.png,保健营养,保健器械,家庭护理
2026-04-24,4月24日,00:00,00:40,滋补养生,其他,御寿堂加拿大西洋参切片,97094021,369,399,TV价,手机价,立减30,http://wp.sharkshopping.com/product/97094021,http://mallpic.ghs.net/oss/cc648/68cb2/25f37cc65248ca430fba7d5431368cb2.png,保健营养,滋补养生,人参/西洋参
2026-04-24,4月24日,00:40,01:20,身体洗护,其他,泰国进口祛味香膏 +脚气喷雾,97095583,339,399,聚鲨价,手机价,8.5折,http://wp.sharkshopping.com/product/97095583,http://mallpic.ghs.net/oss/c2119/e1957/e780ac21c519d54bec08a657884e1957.jpg,美妆个护,身体洗护,手足护理
2026-04-24,4月24日,01:20,02:00,滋补养生,礼贡堂,礼贡堂五十二位茯湿丸,97097003,369,399,TV价,手机价,立减30,http://wp.sharkshopping.com/product/97097003,http://mallpic.ghs.net/oss/efc77/2a36b/fb2c9efc02773147a7b80ce96532a36b.jpg,保健营养,滋补养生,其他滋补
2026-04-24,4月24日,02:00,02:40,保健器械,其他,BENMU本慕万肤拔毒膏健康组,97093053,339,399,聚鲨价,手机价,8.5折,http://wp.sharkshopping.com/product/97093053,http://mallpic.ghs.net/oss/fdfd0/a68d6/0741dfdf0ed0e141bef98d0a66fa68d6.png,保健营养,保健器械,家庭护理
2026-04-24,4月24日,02:40,03:20,粮油调味,其他,内蒙敖汉粒粒道四色有机小米,97093740,199,199,,手机价,,http://wp.sharkshopping.com/product/97093740,http://mallpic.ghs.net/oss/2fdbf/8ef13/9059a2fd7fbf244fdea89bd45c08ef13.png,粮油生鲜,粮油调味,米
2026-04-24,4月24日,03:20,04:00,保健器械,其他,藏洲堂沉香牛黄保健油,97096111,469,499,TV价,手机价,立减30,http://wp.sharkshopping.com/product/97096111,http://mallpic.ghs.net/oss/ae4e1/d3908/3efa4ae45ce14b4c885b42c2330d3908.jpg,保健营养,保健器械,家庭护理
2026-04-24,4月24日,04:00,04:40,身体洗护,吉百事,德国进口吉百事白玉兰精油皂健康组,97094213,237,279,聚鲨价,手机价,8.5折,http://wp.sharkshopping.com/product/97094213,http://mallpic.ghs.net/oss/7cad3/7e2a5/08ec87ca9ad32344463b4eb4c157e2a5.png,美妆个护,身体洗护,香皂
2026-04-24,4月24日,04:40,05:20,保健器械,其他,DR.DAOKING脉管康,97096449,369,399,TV价,手机价,立减30,http://wp.sharkshopping.com/product/97096449,http://mallpic.ghs.net/oss/4a03a/797b0/e34ae4a0023a0048f36aee74edd797b0.jpg,保健营养,保健器械,家庭护理
2026-04-24,4月24日,05:20,06:00,滋补养生,其他,御寿堂加拿大西洋参切片,97094021,369,399,TV价,手机价,立减30,http://wp.sharkshopping.com/product/97094021,http://mallpic.ghs.net/oss/cc648/68cb2/25f37cc65248ca430fba7d5431368cb2.png,保健营养,滋补养生,人参/西洋参
2026-04-24,4月24日,06:00,06:40,营养成分,云杉,美国Spruce新一代槲皮素肺舒宝	,95451900,499,499,,手机价,,http://wp.sharkshopping.com/product/95451900,http://mallpic.ghs.net/oss/b1063/267b7/26c22b105c63ab423f8a810294f267b7.png,保健营养,营养成分,其他营养
2026-04-24,4月24日,06:40,07:30,滋补养生,礼贡堂,礼贡堂五十二位茯湿丸,97097003,369,399,TV价,手机价,立减30,http://wp.sharkshopping.com/product/97097003,http://mallpic.ghs.net/oss/efc77/2a36b/fb2c9efc02773147a7b80ce96532a36b.jpg,保健营养,滋补养生,其他滋补
2026-04-24,4月24日,07:30,08:20,营养成分,云杉,美国Spruce新一代牛樟芝加强黄金素,96537773,1299,1299,,手机价,,http://wp.sharkshopping.com/product/96537773,http://mallpic.ghs.net/oss/a0046/7677b/5c8daa000c462a4b036ba8dc7017677b.png,保健营养,营养成分,其他营养
2026-04-24,4月24日,08:20,09:00,男鞋专区,苹果,苹果舒适飞织休闲男鞋,97094419,99,99,,手机价,,http://wp.sharkshopping.com/product/97094419,http://mallpic.ghs.net/oss/df572/9f6df/2b7c1df5ee72d44c9a0b9bfe72d9f6df.png,服饰鞋包,男鞋专区,男士休闲鞋
2026-04-24,4月24日,09:00,09:40,营养成分,云杉,美国云杉强心高还原型辅酶Q10,9632380,499,499,,手机价,,http://wp.sharkshopping.com/product/9632380,http://mallpic.ghs.net/oss/5b27d/59e44/3f8ac5b2f47d3c4dc21ad8070fd59e44.png,保健营养,营养成分,辅酶Q10
2026-04-24,4月24日,09:40,10:20,营养成分,拜滋,美国Bayzi拜滋新一代骨肌肽,96514542,699,699,,手机价,,http://wp.sharkshopping.com/product/96514542,http://mallpic.ghs.net/oss/44bae/edd54/b32c344b6daed344d11aafcda6fedd54.png,保健营养,营养成分,其他营养
2026-04-24,4月24日,10:20,11:00,休闲食品,其他,三秋柳岸去核枇杷干健康组,97094227,99,99,,手机价,,http://wp.sharkshopping.com/product/97094227,http://mallpic.ghs.net/oss/78815/86688/c604a788eb150248d5691b2be9986688.png,休闲食品,休闲食品,蜜饯果干
2026-04-24,4月24日,11:00,11:40,茗茶,其他,安溪原产地特级兰花香铁观音,97097046,279,299,TV价,手机价,立减20,http://wp.sharkshopping.com/product/97097046,http://mallpic.ghs.net/oss/b06ad/24ad5/4a79db0675ad7f458e38acd83e624ad5.png,酒水茗茶,茗茶,绿茶
2026-04-24,4月24日,11:40,12:20,面部护肤,其他,Delewal美白净斑精粹素,97097001,369,399,TV价,手机价,立减30,http://wp.sharkshopping.com/product/97097001,http://mallpic.ghs.net/oss/ba8f2/7fc1a/8faafba83ef2ae4e294860e1e487fc1a.png,美妆个护,面部护肤,精华
2026-04-24,4月24日,12:20,13:00,营养成分,乃琦斯,澳洲Natreas鲜蜂王浆升级组,9424643,599,599,,手机价,,http://wp.sharkshopping.com/product/9424643,http://mallpic.ghs.net/oss/2cd41/9e802/f18c22cd2241a24e6d582cac6819e802.png,保健营养,营养成分,其他营养
2026-04-24,4月24日,13:00,13:40,保健器械,其他,DR.DAOKING脉管康,97096449,369,399,TV价,手机价,立减30,http://wp.sharkshopping.com/product/97096449,http://mallpic.ghs.net/oss/4a03a/797b0/e34ae4a0023a0048f36aee74edd797b0.jpg,保健营养,保健器械,家庭护理
2026-04-24,4月24日,13:40,14:20,营养成分,拜滋,拜滋Bayzi超级生命能量素,97090330,599,599,,手机价,,http://wp.sharkshopping.com/product/97090330,http://mallpic.ghs.net/oss/28ef7/13358/4dc6228eb6f712424c8a8a57eed13358.png,保健营养,营养成分,其他营养
2026-04-24,4月24日,14:20,15:10,营养成分,云杉,美国Spruce新一代牛樟芝加强黄金素,96537773,1299,1299,,手机价,,http://wp.sharkshopping.com/product/96537773,http://mallpic.ghs.net/oss/a0046/7677b/5c8daa000c462a4b036ba8dc7017677b.png,保健营养,营养成分,其他营养
2026-04-24,4月24日,15:10,15:50,面部护肤,LCCN,LCCN玻色因塑颜紧致抗皱霜,97093061,424,499,聚鲨价,手机价,8.5折,http://wp.sharkshopping.com/product/97093061,http://mallpic.ghs.net/oss/83022/a9eee/d0505830f222ae4fe938ff1afdda9eee.png,美妆个护,面部护肤,乳液/面霜
2026-04-24,4月24日,15:50,16:30,营养成分,拜滋,美国Bayzi拜滋深度睡眠四维神经素,97095874,699,699,,手机价,,http://wp.sharkshopping.com/product/97095874,http://mallpic.ghs.net/oss/feac8/8cd33/77c8efea86c8ec4055987a6765b8cd33.jpg,保健营养,营养成分,其他营养
2026-04-24,4月24日,16:30,17:10,茗茶,其他,2026明前特级头采黄金芽,97096483,369,399,TV价,手机价,立减30,http://wp.sharkshopping.com/product/97096483,http://mallpic.ghs.net/oss/bb5b8/de990/66e9ebb522b83143788992902d4de990.png,酒水茗茶,茗茶,绿茶
2026-04-24,4月24日,17:10,18:00,营养成分,云杉,美国云杉新一代PEA非变性骨胶原肽,96721035,799,799,,手机价,,http://wp.sharkshopping.com/product/96721035,http://mallpic.ghs.net/oss/237ad/93c33/c0419237e4ada346118a8f99aa793c33.png,保健营养,营养成分,其他营养
2026-04-24,4月24日,18:00,18:40,口腔护理,其他,羟基磷灰石溶酶菌专利牙膏健康组,97093473,299,399,聚鲨价,手机价,7.5折,http://wp.sharkshopping.com/product/97093473,http://mallpic.ghs.net/oss/da35b/f9cef/17c96da3955b5d4dc508b2b049ef9cef.png,美妆个护,口腔护理,牙膏/牙粉
2026-04-24,4月24日,18:40,19:20,营养成分,云杉,美国云杉NCR细胞活力密码,95256805,799,799,,手机价,,http://wp.sharkshopping.com/product/95256805,http://mallpic.ghs.net/oss/e6df8/77c54/9ef43e6d2ff8b048b6285d6492077c54.png,保健营养,营养成分,其他营养
2026-04-24,4月24日,19:20,20:00,营养成分,拜滋,美国拜滋Bayzi新一代血净宝,97089440,1299,1299,,手机价,,http://wp.sharkshopping.com/product/97089440,http://mallpic.ghs.net/oss/a4afe/407aa/025a7a4a81fe274fe79844789e8407aa.png,保健营养,营养成分,其他营养
2026-04-24,4月24日,20:00,20:40,营养成分,云杉,美国Spruce新一代槲皮素肺舒宝	,95451900,499,499,,手机价,,http://wp.sharkshopping.com/product/95451900,http://mallpic.ghs.net/oss/b1063/267b7/26c22b105c63ab423f8a810294f267b7.png,保健营养,营养成分,其他营养
2026-04-24,4月24日,20:40,21:20,滋补养生,礼贡堂,礼贡堂五十二位茯湿丸,97097003,369,399,TV价,手机价,立减30,http://wp.sharkshopping.com/product/97097003,http://mallpic.ghs.net/oss/efc77/2a36b/fb2c9efc02773147a7b80ce96532a36b.jpg,保健营养,滋补养生,其他滋补
2026-04-24,4月24日,21:20,22:00,营养成分,云杉,美国云杉新一代肾康动力黄金肽,96483954,799,799,,手机价,,http://wp.sharkshopping.com/product/96483954,http://mallpic.ghs.net/oss/73cb6/9b8eb/893a173c08b6ae491dd855d41119b8eb.png,保健营养,营养成分,其他营养
2026-04-24,4月24日,22:00,22:40,保健器械,其他,FRUVGE舒脉通健康组,97094072,369,399,TV价,手机价,立减30,http://wp.sharkshopping.com/product/97094072,http://mallpic.ghs.net/oss/af4f0/c9c2b/b6777af42cf01448a33850b6105c9c2b.png,保健营养,保健器械,家庭护理
2026-04-24,4月24日,22:40,23:20,营养成分,其他,泰国进口南洋万金按摩膏,97094585,339,399,聚鲨价,手机价,8.5折,http://wp.sharkshopping.com/product/97094585,http://mallpic.ghs.net/oss/18b09/df50f/40d6218b1609714f6caa6ee7091df50f.png,保健营养,营养成分,其他营养
2026-04-24,4月24日,23:20,00:00,滋补养生,其他,御寿堂加拿大西洋参切片,97094021,369,399,TV价,手机价,立减30,http://wp.sharkshopping.com/product/97094021,http://mallpic.ghs.net/oss/cc648/68cb2/25f37cc65248ca430fba7d5431368cb2.png,保健营养,滋补养生,人参/西洋参
2026-04-25,4月25日,00:00,00:40,滋补养生,礼贡堂,礼贡堂五十二位茯湿丸,97097003,369,399,TV价,手机价,立减30,http://wp.sharkshopping.com/product/97097003,http://mallpic.ghs.net/oss/efc77/2a36b/fb2c9efc02773147a7b80ce96532a36b.jpg,保健营养,滋补养生,其他滋补
2026-04-25,4月25日,00:40,01:20,保健器械,其他,DR.DAOKING尤肤平保健液,97096849,369,399,TV价,手机价,立减30,http://wp.sharkshopping.com/product/97096849,http://mallpic.ghs.net/oss/00abf/04c50/8945f00ac9bf874d36e8d542bbf04c50.jpg,保健营养,保健器械,家庭护理
2026-04-25,4月25日,01:20,02:00,保健器械,其他,BENMU本慕万肤拔毒膏健康组,97093053,339,399,聚鲨价,手机价,8.5折,http://wp.sharkshopping.com/product/97093053,http://mallpic.ghs.net/oss/fdfd0/a68d6/0741dfdf0ed0e141bef98d0a66fa68d6.png,保健营养,保健器械,家庭护理
2026-04-25,4月25日,02:00,02:40,保健器械,其他,DR.DAOKING脉管康,97096449,369,399,TV价,手机价,立减30,http://wp.sharkshopping.com/product/97096449,http://mallpic.ghs.net/oss/4a03a/797b0/e34ae4a0023a0048f36aee74edd797b0.jpg,保健营养,保健器械,家庭护理
2026-04-25,4月25日,02:40,03:20,头发护理,其他,青未卓娅丽娜乌斯曼皂,97096774,279,299,TV价,手机价,立减20,http://wp.sharkshopping.com/product/97096774,http://mallpic.ghs.net/oss/89173/a4d96/4bc37891ee731d487f28112db7aa4d96.png,美妆个护,头发护理,洗发
2026-04-25,4月25日,03:20,04:00,身体洗护,其他,蒙元巴图固本无忧漏尿保健贴,97095693,369,399,TV价,手机价,立减30,http://wp.sharkshopping.com/product/97095693,http://mallpic.ghs.net/oss/4661e/c895d/fa99c466251ed24f60c8f82cb51c895d.png,美妆个护,身体洗护,其他护理
2026-04-25,4月25日,04:00,04:40,保健器械,礼贡堂,礼贡堂糖舒通三清保健贴,97096731,369,399,TV价,手机价,立减30,http://wp.sharkshopping.com/product/97096731,http://mallpic.ghs.net/oss/ded07/be646/3e5a8ded71077d49493b88e05aebe646.jpg,保健营养,保健器械,家庭护理
2026-04-25,4月25日,04:40,05:20,身体洗护,其他,泰国进口祛味香膏 +脚气喷雾,97095583,339,399,聚鲨价,手机价,8.5折,http://wp.sharkshopping.com/product/97095583,http://mallpic.ghs.net/oss/c2119/e1957/e780ac21c519d54bec08a657884e1957.jpg,美妆个护,身体洗护,手足护理
2026-04-25,4月25日,05:20,06:00,滋补养生,礼贡堂,礼贡堂五十二位茯湿丸,97097003,369,399,TV价,手机价,立减30,http://wp.sharkshopping.com/product/97097003,http://mallpic.ghs.net/oss/efc77/2a36b/fb2c9efc02773147a7b80ce96532a36b.jpg,保健营养,滋补养生,其他滋补
2026-04-25,4月25日,06:00,06:50,营养成分,云杉,美国云杉高活性叶酸甲钴胺神经素,9633080,1088,1088,,手机价,,http://wp.sharkshopping.com/product/9633080,http://mallpic.ghs.net/oss/34a72/71795/a7aa334ad07294480448efd8e9171795.png,保健营养,营养成分,其他营养
2026-04-25,4月25日,06:50,07:30,营养成分,其他,泰国进口南洋万金按摩膏,97094585,339,399,聚鲨价,手机价,8.5折,http://wp.sharkshopping.com/product/97094585,http://mallpic.ghs.net/oss/18b09/df50f/40d6218b1609714f6caa6ee7091df50f.png,保健营养,营养成分,其他营养
2026-04-25,4月25日,07:30,08:20,营养成分,云杉,美国云杉新一代PEA非变性骨胶原肽,96721035,799,799,,手机价,,http://wp.sharkshopping.com/product/96721035,http://mallpic.ghs.net/oss/237ad/93c33/c0419237e4ada346118a8f99aa793c33.png,保健营养,营养成分,其他营养
2026-04-25,4月25日,08:20,09:00,男鞋专区,苹果,APPLE苹果镂空牛皮男鞋,97094422,149,149,,手机价,,http://wp.sharkshopping.com/product/97094422,http://mallpic.ghs.net/oss/a6f36/bc8bb/cc93fa6fa636554dc188866eccbbc8bb.jpg,服饰鞋包,男鞋专区,男士皮鞋/商务鞋
2026-04-25,4月25日,09:00,09:40,营养成分,云杉,美国云杉强心高还原型辅酶Q10,9632380,499,499,,手机价,,http://wp.sharkshopping.com/product/9632380,http://mallpic.ghs.net/oss/5b27d/59e44/3f8ac5b2f47d3c4dc21ad8070fd59e44.png,保健营养,营养成分,辅酶Q10
2026-04-25,4月25日,09:40,10:20,营养成分,REIKI ERA,美国RE十二精粹护肺饮养护组,97096899,599,599,,手机价,,http://wp.sharkshopping.com/product/97096899,http://mallpic.ghs.net/oss/2109b/5f7c9/f2b532109d9b2d4df099951d5265f7c9.jpg,保健营养,营养成分,蛋白质
2026-04-25,4月25日,10:20,11:00,粮油调味,其他,岽鲜葛福记沂蒙红芽头茬香椿酱,97096776,99,99,,手机价,,http://wp.sharkshopping.com/product/97096776,http://mallpic.ghs.net/oss/c09f2/07eb4/b9b1ec0980f27842634bfd68e3707eb4.png,粮油生鲜,粮油调味,调味品
2026-04-25,4月25日,11:00,11:50,营养成分,云杉,美国云杉新一代肾康动力黄金肽,96483954,799,799,,手机价,,http://wp.sharkshopping.com/product/96483954,http://mallpic.ghs.net/oss/73cb6/9b8eb/893a173c08b6ae491dd855d41119b8eb.png,保健营养,营养成分,其他营养
2026-04-25,4月25日,11:50,12:30,粮油调味,其他,内蒙敖汉粒粒道四色有机小米,97093740,199,199,,手机价,,http://wp.sharkshopping.com/product/97093740,http://mallpic.ghs.net/oss/2fdbf/8ef13/9059a2fd7fbf244fdea89bd45c08ef13.png,粮油生鲜,粮油调味,米
2026-04-25,4月25日,12:30,13:10,保健器械,其他,Delewal四季骨能王,97096007,469,499,TV价,手机价,立减30,http://wp.sharkshopping.com/product/97096007,http://mallpic.ghs.net/oss/4cdd1/cceaf/4ba324cdfcd1b042f008545ec8bcceaf.jpg,保健营养,保健器械,家庭护理
2026-04-25,4月25日,13:10,13:50,营养成分,拜滋,美国拜滋Bayzi新一代血净宝,97089440,1299,1299,,手机价,,http://wp.sharkshopping.com/product/97089440,http://mallpic.ghs.net/oss/a4afe/407aa/025a7a4a81fe274fe79844789e8407aa.png,保健营养,营养成分,其他营养
2026-04-25,4月25日,13:50,14:30,饮料冲调,其他,西藏金银花藏蜂蜜,97096798,279,299,TV价,手机价,立减20,http://wp.sharkshopping.com/product/97096798,http://mallpic.ghs.net/oss/8c5fc/5c8c5/78b128c5e1fc524224684a48ca35c8c5.jpg,休闲食品,饮料冲调,蜂蜜/蜂产品
2026-04-25,4月25日,14:30,15:10,面部护肤,LCCN,LCCN玻色因塑颜紧致抗皱霜,97093061,424,499,聚鲨价,手机价,8.5折,http://wp.sharkshopping.com/product/97093061,http://mallpic.ghs.net/oss/83022/a9eee/d0505830f222ae4fe938ff1afdda9eee.png,美妆个护,面部护肤,乳液/面霜
2026-04-25,4月25日,15:10,16:00,营养成分,云杉,美国云杉高活性叶酸甲钴胺神经素,9633080,1088,1088,,手机价,,http://wp.sharkshopping.com/product/9633080,http://mallpic.ghs.net/oss/34a72/71795/a7aa334ad07294480448efd8e9171795.png,保健营养,营养成分,其他营养
2026-04-25,4月25日,16:00,16:40,保健器械,其他,FRUVGE舒脉通健康组,97094072,369,399,TV价,手机价,立减30,http://wp.sharkshopping.com/product/97094072,http://mallpic.ghs.net/oss/af4f0/c9c2b/b6777af42cf01448a33850b6105c9c2b.png,保健营养,保健器械,家庭护理
2026-04-25,4月25日,16:40,17:20,营养成分,拜滋,美国拜滋CPP复合内源非变性骨胶原,97095873,699,699,,手机价,,http://wp.sharkshopping.com/product/97095873,http://mallpic.ghs.net/oss/ac8fd/d878f/5c02eac8f9fdab46411a343d32cd878f.jpg,保健营养,营养成分,其他营养
2026-04-25,4月25日,17:20,18:00,头发护理,其他,青未卓娅丽娜乌斯曼皂,97096774,279,299,TV价,手机价,立减20,http://wp.sharkshopping.com/product/97096774,http://mallpic.ghs.net/oss/89173/a4d96/4bc37891ee731d487f28112db7aa4d96.png,美妆个护,头发护理,洗发
2026-04-25,4月25日,18:00,18:40,营养成分,云杉,美国云杉新一代强力PPC结节通,97087224,599,599,,手机价,,http://wp.sharkshopping.com/product/97087224,http://mallpic.ghs.net/oss/cb54a/16c94/16de5cb5964a7043c518759533316c94.png,保健营养,营养成分,其他营养
2026-04-25,4月25日,18:40,19:20,身体洗护,其他,蒙元巴图固本无忧漏尿保健贴,97095693,369,399,TV价,手机价,立减30,http://wp.sharkshopping.com/product/97095693,http://mallpic.ghs.net/oss/4661e/c895d/fa99c466251ed24f60c8f82cb51c895d.png,美妆个护,身体洗护,其他护理
2026-04-25,4月25日,19:20,20:00,营养成分,拜滋,美国拜滋bayzi护眼明视片,97088702,599,599,,手机价,,http://wp.sharkshopping.com/product/97088702,http://mallpic.ghs.net/oss/93d8e/5935f/8f95493df68e4a4c41288a343175935f.png,保健营养,营养成分,叶黄素
2026-04-25,4月25日,20:00,20:40,营养成分,云杉,美国Spruce新一代牛樟芝加强黄金素,96537773,1299,1299,,手机价,,http://wp.sharkshopping.com/product/96537773,http://mallpic.ghs.net/oss/a0046/7677b/5c8daa000c462a4b036ba8dc7017677b.png,保健营养,营养成分,其他营养
2026-04-25,4月25日,20:40,21:20,滋补养生,礼贡堂,礼贡堂五十二位茯湿丸,97097003,369,399,TV价,手机价,立减30,http://wp.sharkshopping.com/product/97097003,http://mallpic.ghs.net/oss/efc77/2a36b/fb2c9efc02773147a7b80ce96532a36b.jpg,保健营养,滋补养生,其他滋补
2026-04-25,4月25日,21:20,22:00,营养成分,云杉,美国云杉新一代PEA非变性骨胶原肽,96721035,799,799,,手机价,,http://wp.sharkshopping.com/product/96721035,http://mallpic.ghs.net/oss/237ad/93c33/c0419237e4ada346118a8f99aa793c33.png,保健营养,营养成分,其他营养
2026-04-25,4月25日,22:00,22:40,饮料冲调,其他,西藏金银花藏蜂蜜,97096798,279,299,TV价,手机价,立减20,http://wp.sharkshopping.com/product/97096798,http://mallpic.ghs.net/oss/8c5fc/5c8c5/78b128c5e1fc524224684a48ca35c8c5.jpg,休闲食品,饮料冲调,蜂蜜/蜂产品
2026-04-25,4月25日,22:40,23:20,保健器械,其他,DR.DAOKING脉管康,97096449,369,399,TV价,手机价,立减30,http://wp.sharkshopping.com/product/97096449,http://mallpic.ghs.net/oss/4a03a/797b0/e34ae4a0023a0048f36aee74edd797b0.jpg,保健营养,保健器械,家庭护理
2026-04-25,4月25日,23:20,00:00,头发护理,其他,青未卓娅丽娜乌斯曼皂,97096774,279,299,TV价,手机价,立减20,http://wp.sharkshopping.com/product/97096774,http://mallpic.ghs.net/oss/89173/a4d96/4bc37891ee731d487f28112db7aa4d96.png,美妆个护,头发护理,洗发
2026-04-26,4月26日,00:00,00:40,滋补养生,礼贡堂,礼贡堂五十二位茯湿丸,97097003,369,399,TV价,手机价,立减30,http://wp.sharkshopping.com/product/97097003,http://mallpic.ghs.net/oss/efc77/2a36b/fb2c9efc02773147a7b80ce96532a36b.jpg,保健营养,滋补养生,其他滋补
2026-04-26,4月26日,00:40,01:20,滋补养生,其他,御寿堂加拿大西洋参切片,97094021,369,399,TV价,手机价,立减30,http://wp.sharkshopping.com/product/97094021,http://mallpic.ghs.net/oss/cc648/68cb2/25f37cc65248ca430fba7d5431368cb2.png,保健营养,滋补养生,人参/西洋参
2026-04-26,4月26日,01:20,02:00,身体洗护,其他,蒙元巴图固本无忧漏尿保健贴,97095693,369,399,TV价,手机价,立减30,http://wp.sharkshopping.com/product/97095693,http://mallpic.ghs.net/oss/4661e/c895d/fa99c466251ed24f60c8f82cb51c895d.png,美妆个护,身体洗护,其他护理
2026-04-26,4月26日,02:00,02:40,营养成分,其他,活益畅40000亿活性益生菌,97096819,279,299,TV价,手机价,立减20,http://wp.sharkshopping.com/product/97096819,http://mallpic.ghs.net/oss/9a09f/2efb7/7e0f69a0bb9fc04bf0e9306df4b2efb7.png,保健营养,营养成分,益生菌
2026-04-26,4月26日,02:40,03:20,营养成分,其他,泰国进口南洋万金按摩膏,97094585,339,399,聚鲨价,手机价,8.5折,http://wp.sharkshopping.com/product/97094585,http://mallpic.ghs.net/oss/18b09/df50f/40d6218b1609714f6caa6ee7091df50f.png,保健营养,营养成分,其他营养
2026-04-26,4月26日,03:20,04:00,保健器械,其他,DR.DAOKING脉管康,97096449,369,399,TV价,手机价,立减30,http://wp.sharkshopping.com/product/97096449,http://mallpic.ghs.net/oss/4a03a/797b0/e34ae4a0023a0048f36aee74edd797b0.jpg,保健营养,保健器械,家庭护理
2026-04-26,4月26日,04:00,04:40,头发护理,其他,青未卓娅丽娜乌斯曼皂,97096774,279,299,TV价,手机价,立减20,http://wp.sharkshopping.com/product/97096774,http://mallpic.ghs.net/oss/89173/a4d96/4bc37891ee731d487f28112db7aa4d96.png,美妆个护,头发护理,洗发
2026-04-26,4月26日,04:40,05:20,保健器械,其他,DR.DAOKING尤肤平保健液,97096849,369,399,TV价,手机价,立减30,http://wp.sharkshopping.com/product/97096849,http://mallpic.ghs.net/oss/00abf/04c50/8945f00ac9bf874d36e8d542bbf04c50.jpg,保健营养,保健器械,家庭护理
2026-04-26,4月26日,05:20,06:00,滋补养生,其他,御寿堂加拿大西洋参切片,97094021,369,399,TV价,手机价,立减30,http://wp.sharkshopping.com/product/97094021,http://mallpic.ghs.net/oss/cc648/68cb2/25f37cc65248ca430fba7d5431368cb2.png,保健营养,滋补养生,人参/西洋参
2026-04-26,4月26日,06:00,06:40,营养成分,云杉,美国云杉新一代小分子黑金活脑灵,97090246,799,799,,手机价,,http://wp.sharkshopping.com/product/97090246,http://mallpic.ghs.net/oss/9392d/b6769/c0f69939bd2d4f4a2518edf3365b6769.png,保健营养,营养成分,其他营养
2026-04-26,4月26日,06:40,07:30,滋补养生,礼贡堂,礼贡堂五十二位茯湿丸,97097003,369,399,TV价,手机价,立减30,http://wp.sharkshopping.com/product/97097003,http://mallpic.ghs.net/oss/efc77/2a36b/fb2c9efc02773147a7b80ce96532a36b.jpg,保健营养,滋补养生,其他滋补
2026-04-26,4月26日,07:30,08:20,营养成分,云杉,美国云杉高活性叶酸甲钴胺神经素,9633080,1088,1088,,手机价,,http://wp.sharkshopping.com/product/9633080,http://mallpic.ghs.net/oss/34a72/71795/a7aa334ad07294480448efd8e9171795.png,保健营养,营养成分,其他营养
2026-04-26,4月26日,08:20,08:50,厨房电器,爱仕达,爱仕达免滤破壁豆浆机,97096002,199,199,,手机价,,http://wp.sharkshopping.com/product/97096002,http://mallpic.ghs.net/oss/98cfa/99a6d/2d32d98cedfa284ffab8762295899a6d.jpg,厨房用具,厨房电器,榨汁机/豆浆机
2026-04-26,4月26日,08:50,09:40,营养成分,云杉,跨境品Spruce新一代黄金眼视康,97085752,399,399,,手机价,,http://wp.sharkshopping.com/product/97085752,http://mallpic.ghs.net/oss/ec294/51ec0/8a9fdec2a9948e4402581bd6ff851ec0.png,保健营养,营养成分,其他营养
2026-04-26,4月26日,09:40,10:20,营养成分,拜滋,美国Bayzi拜滋新一代骨肌肽,96514542,699,699,,手机价,,http://wp.sharkshopping.com/product/96514542,http://mallpic.ghs.net/oss/44bae/edd54/b32c344b6daed344d11aafcda6fedd54.png,保健营养,营养成分,其他营养
2026-04-26,4月26日,10:20,11:00,运动,其他,哥奢美式休闲运动套装,97094649,129,129,,手机价,,http://wp.sharkshopping.com/product/97094649,http://mallpic.ghs.net/oss/46867/a31ae/419484688c67c443307ba0ad102a31ae.png,服饰鞋包,运动,运动服
2026-04-26,4月26日,11:00,11:50,营养成分,云杉,美国Spruce新一代牛樟芝加强黄金素,96537773,1299,1299,,手机价,,http://wp.sharkshopping.com/product/96537773,http://mallpic.ghs.net/oss/a0046/7677b/5c8daa000c462a4b036ba8dc7017677b.png,保健营养,营养成分,其他营养
2026-04-26,4月26日,11:50,12:30,木手串把件,其他,是心添香合香珠套组,97095586,469,499,TV价,手机价,立减30,http://wp.sharkshopping.com/product/97095586,http://mallpic.ghs.net/oss/e48b8/3a834/27bdde48f1b8394eb44917bbbf23a834.jpg,珠宝钟表,木手串把件,其他材质
2026-04-26,4月26日,12:30,13:10,营养成分,其他,活益畅40000亿活性益生菌,97096819,279,299,TV价,手机价,立减20,http://wp.sharkshopping.com/product/97096819,http://mallpic.ghs.net/oss/9a09f/2efb7/7e0f69a0bb9fc04bf0e9306df4b2efb7.png,保健营养,营养成分,益生菌
2026-04-26,4月26日,13:50,14:30,营养成分,云杉,美国云杉新一代东革阿里黑金能量丸,96511701,799,799,,手机价,,http://wp.sharkshopping.com/product/96511701,http://mallpic.ghs.net/oss/17483/96ccd/3a61017475836f498bf80f2f56996ccd.png,保健营养,营养成分,其他营养
2026-04-26,4月26日,14:30,15:10,面部护肤,LCCN,LCCN玻色因塑颜紧致抗皱霜,97093061,424,499,聚鲨价,手机价,8.5折,http://wp.sharkshopping.com/product/97093061,http://mallpic.ghs.net/oss/83022/a9eee/d0505830f222ae4fe938ff1afdda9eee.png,美妆个护,面部护肤,乳液/面霜
2026-04-26,4月26日,15:10,15:50,营养成分,REIKI ERA,美国RE十二精粹护肺饮养护组,97096899,599,599,,手机价,,http://wp.sharkshopping.com/product/97096899,http://mallpic.ghs.net/oss/2109b/5f7c9/f2b532109d9b2d4df099951d5265f7c9.jpg,保健营养,营养成分,蛋白质
2026-04-26,4月26日,15:50,16:30,营养成分,其他,美国Flynis福尼斯牛黄心脑康,97096996,990,990,,手机价,,http://wp.sharkshopping.com/product/97096996,http://mallpic.ghs.net/oss/08e11/ab692/de0c708ed111bf4674a996d7e12ab692.jpg,保健营养,营养成分,其他营养
2026-04-26,4月26日,16:30,17:10,茗茶,其他,2026明前特级头采黄金芽,97096483,369,399,TV价,手机价,立减30,http://wp.sharkshopping.com/product/97096483,http://mallpic.ghs.net/oss/bb5b8/de990/66e9ebb522b83143788992902d4de990.png,酒水茗茶,茗茶,绿茶
2026-04-26,4月26日,17:10,18:00,营养成分,云杉,美国云杉高活性叶酸甲钴胺神经素,9633080,1088,1088,,手机价,,http://wp.sharkshopping.com/product/9633080,http://mallpic.ghs.net/oss/34a72/71795/a7aa334ad07294480448efd8e9171795.png,保健营养,营养成分,其他营养
2026-04-26,4月26日,18:00,18:40,滋补养生,礼贡堂,礼贡堂五十二位茯湿丸,97097003,369,399,TV价,手机价,立减30,http://wp.sharkshopping.com/product/97097003,http://mallpic.ghs.net/oss/efc77/2a36b/fb2c9efc02773147a7b80ce96532a36b.jpg,保健营养,滋补养生,其他滋补
2026-04-26,4月26日,18:40,19:20,营养成分,拜滋,拜滋Bayzi超级生命能量素,97090330,599,599,,手机价,,http://wp.sharkshopping.com/product/97090330,http://mallpic.ghs.net/oss/28ef7/13358/4dc6228eb6f712424c8a8a57eed13358.png,保健营养,营养成分,其他营养
2026-04-26,4月26日,19:20,20:00,保健器械,礼贡堂,礼贡堂糖舒通三清保健贴,97096731,369,399,TV价,手机价,立减30,http://wp.sharkshopping.com/product/97096731,http://mallpic.ghs.net/oss/ded07/be646/3e5a8ded71077d49493b88e05aebe646.jpg,保健营养,保健器械,家庭护理
2026-04-26,4月26日,20:00,20:40,营养成分,云杉,美国云杉新一代PEA非变性骨胶原肽,96721035,799,799,,手机价,,http://wp.sharkshopping.com/product/96721035,http://mallpic.ghs.net/oss/237ad/93c33/c0419237e4ada346118a8f99aa793c33.png,保健营养,营养成分,其他营养
2026-04-26,4月26日,20:40,21:20,营养成分,其他,泰国进口南洋万金按摩膏,97094585,339,399,聚鲨价,手机价,8.5折,http://wp.sharkshopping.com/product/97094585,http://mallpic.ghs.net/oss/18b09/df50f/40d6218b1609714f6caa6ee7091df50f.png,保健营养,营养成分,其他营养
2026-04-26,4月26日,21:20,22:00,营养成分,云杉,美国云杉新一代小分子黄金水蛭素,96555554,999,999,,手机价,,http://wp.sharkshopping.com/product/96555554,http://mallpic.ghs.net/oss/cd8f1/d1e78/d8d4fcd84bf16c4acc3806f6ac6d1e78.png,保健营养,营养成分,其他营养
2026-04-26,4月26日,22:00,22:40,头发护理,其他,青未卓娅丽娜乌斯曼皂,97096774,279,299,TV价,手机价,立减20,http://wp.sharkshopping.com/product/97096774,http://mallpic.ghs.net/oss/89173/a4d96/4bc37891ee731d487f28112db7aa4d96.png,美妆个护,头发护理,洗发
2026-04-26,4月26日,22:40,23:20,保健器械,其他,DR.DAOKING脉管康,97096449,369,399,TV价,手机价,立减30,http://wp.sharkshopping.com/product/97096449,http://mallpic.ghs.net/oss/4a03a/797b0/e34ae4a0023a0048f36aee74edd797b0.jpg,保健营养,保健器械,家庭护理
2026-04-26,4月26日,23:20,00:00,滋补养生,礼贡堂,礼贡堂五十二位茯湿丸,97097003,369,399,TV价,手机价,立减30,http://wp.sharkshopping.com/product/97097003,http://mallpic.ghs.net/oss/efc77/2a36b/fb2c9efc02773147a7b80ce96532a36b.jpg,保健营养,滋补养生,其他滋补
2026-04-27,4月27日,00:00,00:40,保健器械,其他,DR.DAOKING脉管康,97096449,369,399,TV价,手机价,立减30,http://wp.sharkshopping.com/product/97096449,http://mallpic.ghs.net/oss/4a03a/797b0/e34ae4a0023a0048f36aee74edd797b0.jpg,保健营养,保健器械,家庭护理
2026-04-27,4月27日,00:40,01:20,滋补养生,其他,御寿堂加拿大西洋参切片,97094021,369,399,TV价,手机价,立减30,http://wp.sharkshopping.com/product/97094021,http://mallpic.ghs.net/oss/cc648/68cb2/25f37cc65248ca430fba7d5431368cb2.png,保健营养,滋补养生,人参/西洋参
2026-04-27,4月27日,01:20,02:00,身体洗护,其他,泰国进口祛味香膏 +脚气喷雾,97095583,339,399,聚鲨价,手机价,8.5折,http://wp.sharkshopping.com/product/97095583,http://mallpic.ghs.net/oss/c2119/e1957/e780ac21c519d54bec08a657884e1957.jpg,美妆个护,身体洗护,手足护理
2026-04-27,4月27日,02:00,02:40,身体洗护,其他,蒙元巴图固本无忧漏尿保健贴,97095693,369,399,TV价,手机价,立减30,http://wp.sharkshopping.com/product/97095693,http://mallpic.ghs.net/oss/4661e/c895d/fa99c466251ed24f60c8f82cb51c895d.png,美妆个护,身体洗护,其他护理
2026-04-27,4月27日,02:40,03:20,营养成分,其他,泰国进口南洋万金按摩膏,97094585,339,399,聚鲨价,手机价,8.5折,http://wp.sharkshopping.com/product/97094585,http://mallpic.ghs.net/oss/18b09/df50f/40d6218b1609714f6caa6ee7091df50f.png,保健营养,营养成分,其他营养
2026-04-27,4月27日,03:20,04:00,保健器械,礼贡堂,礼贡堂糖舒通三清保健贴,97096731,369,399,TV价,手机价,立减30,http://wp.sharkshopping.com/product/97096731,http://mallpic.ghs.net/oss/ded07/be646/3e5a8ded71077d49493b88e05aebe646.jpg,保健营养,保健器械,家庭护理
2026-04-27,4月27日,04:00,04:40,保健器械,其他,DR.DAOKING尤肤平保健液,97096849,369,399,TV价,手机价,立减30,http://wp.sharkshopping.com/product/97096849,http://mallpic.ghs.net/oss/00abf/04c50/8945f00ac9bf874d36e8d542bbf04c50.jpg,保健营养,保健器械,家庭护理
2026-04-27,4月27日,04:40,05:20,保健器械,其他,BENMU本慕万肤拔毒膏健康组,97093053,339,399,聚鲨价,手机价,8.5折,http://wp.sharkshopping.com/product/97093053,http://mallpic.ghs.net/oss/fdfd0/a68d6/0741dfdf0ed0e141bef98d0a66fa68d6.png,保健营养,保健器械,家庭护理
2026-04-27,4月27日,05:20,06:00,保健器械,其他,DR.DAOKING脉管康,97096449,369,399,TV价,手机价,立减30,http://wp.sharkshopping.com/product/97096449,http://mallpic.ghs.net/oss/4a03a/797b0/e34ae4a0023a0048f36aee74edd797b0.jpg,保健营养,保健器械,家庭护理
2026-04-27,4月27日,06:00,06:40,营养成分,云杉,美国云杉新一代强力PPC结节通,97087224,599,599,,手机价,,http://wp.sharkshopping.com/product/97087224,http://mallpic.ghs.net/oss/cb54a/16c94/16de5cb5964a7043c518759533316c94.png,保健营养,营养成分,其他营养
2026-04-27,4月27日,06:40,07:30,滋补养生,礼贡堂,礼贡堂五十二位茯湿丸,97097003,369,399,TV价,手机价,立减30,http://wp.sharkshopping.com/product/97097003,http://mallpic.ghs.net/oss/efc77/2a36b/fb2c9efc02773147a7b80ce96532a36b.jpg,保健营养,滋补养生,其他滋补
2026-04-27,4月27日,07:30,08:20,营养成分,云杉,美国Spruce新一代牛樟芝加强黄金素,96537773,1299,1299,,手机价,,http://wp.sharkshopping.com/product/96537773,http://mallpic.ghs.net/oss/a0046/7677b/5c8daa000c462a4b036ba8dc7017677b.png,保健营养,营养成分,其他营养
2026-04-27,4月27日,08:20,09:00,滋补养生,其他,孜善堂川贝味陈皮优享组,97096852,129,129,,手机价,,http://wp.sharkshopping.com/product/97096852,http://mallpic.ghs.net/oss/71893/fb63a/29d2c7185193c5431498eafe180fb63a.jpg,保健营养,滋补养生,其他滋补
2026-04-27,4月27日,09:00,09:40,营养成分,云杉,美国云杉强心高还原型辅酶Q10,9632380,499,499,,手机价,,http://wp.sharkshopping.com/product/9632380,http://mallpic.ghs.net/oss/5b27d/59e44/3f8ac5b2f47d3c4dc21ad8070fd59e44.png,保健营养,营养成分,辅酶Q10
2026-04-27,4月27日,09:40,10:20,营养成分,拜滋,美国Bayzi拜滋新一代骨肌肽,96514542,699,699,,手机价,,http://wp.sharkshopping.com/product/96514542,http://mallpic.ghs.net/oss/44bae/edd54/b32c344b6daed344d11aafcda6fedd54.png,保健营养,营养成分,其他营养
2026-04-27,4月27日,10:20,11:00,男鞋专区,苹果,苹果舒适飞织休闲男鞋,97094419,99,99,,手机价,,http://wp.sharkshopping.com/product/97094419,http://mallpic.ghs.net/oss/df572/9f6df/2b7c1df5ee72d44c9a0b9bfe72d9f6df.png,服饰鞋包,男鞋专区,男士休闲鞋
2026-04-27,4月27日,12:20,13:00,营养成分,拜滋,美国拜滋bayzi护眼明视片,97088702,599,599,,手机价,,http://wp.sharkshopping.com/product/97088702,http://mallpic.ghs.net/oss/93d8e/5935f/8f95493df68e4a4c41288a343175935f.png,保健营养,营养成分,叶黄素
2026-04-27,4月27日,13:00,13:40,营养成分,云杉,美国Spruce新一代槲皮素肺舒宝	,95451900,499,499,,手机价,,http://wp.sharkshopping.com/product/95451900,http://mallpic.ghs.net/oss/b1063/267b7/26c22b105c63ab423f8a810294f267b7.png,保健营养,营养成分,其他营养
2026-04-27,4月27日,13:40,14:20,保健器械,其他,FRUVGE舒脉通健康组,97094072,369,399,TV价,手机价,立减30,http://wp.sharkshopping.com/product/97094072,http://mallpic.ghs.net/oss/af4f0/c9c2b/b6777af42cf01448a33850b6105c9c2b.png,保健营养,保健器械,家庭护理
2026-04-27,4月27日,14:20,15:00,营养成分,Doctor  santon,美国Doctor Santon三合一超级酶,96380209,599,599,,手机价,,http://wp.sharkshopping.com/product/96380209,http://mallpic.ghs.net/oss/f6efd/02a0a/8ef25f6ef8fddc4e8528c9c872202a0a.png,保健营养,营养成分,其他营养
2026-04-27,4月27日,15:00,15:40,滋补养生,其他,佩利维沉香醇酸枣仁油,97096989,369,399,TV价,手机价,立减30,http://wp.sharkshopping.com/product/97096989,http://mallpic.ghs.net/oss/fc52c/98f33/859eafc5d72c9e49de281124aed98f33.jpg,保健营养,滋补养生,其他滋补
2026-04-27,4月27日,15:40,16:20,营养成分,云杉,美国云杉新一代专利非瑟酮细胞丸,97096563,1299,1299,,手机价,,http://wp.sharkshopping.com/product/97096563,http://mallpic.ghs.net/oss/ee470/81c2b/64b4fee4d8701c4bf1e8d360aa181c2b.jpg,保健营养,营养成分,其他营养
2026-04-27,4月27日,16:20,17:10,锅具刀具,帝伯朗,帝伯朗浮光氧吧锅套组,97096067,559,599,TV价,手机价,立减40,http://wp.sharkshopping.com/product/97096067,http://mallpic.ghs.net/oss/d2039/f58fa/7bff4d20d839ad4e4758764125cf58fa.jpg,厨房用具,锅具刀具,汤锅/奶锅
2026-04-27,4月27日,17:10,18:00,营养成分,云杉,美国云杉新一代肾康动力黄金肽,96483954,799,799,,手机价,,http://wp.sharkshopping.com/product/96483954,http://mallpic.ghs.net/oss/73cb6/9b8eb/893a173c08b6ae491dd855d41119b8eb.png,保健营养,营养成分,其他营养
2026-04-27,4月27日,18:00,18:40,营养成分,拜滋,美国拜滋Bayzi新一代血净宝,97089440,1299,1299,,手机价,,http://wp.sharkshopping.com/product/97089440,http://mallpic.ghs.net/oss/a4afe/407aa/025a7a4a81fe274fe79844789e8407aa.png,保健营养,营养成分,其他营养
2026-04-27,4月27日,18:40,19:20,保健器械,其他,DR.DAOKING脉管康,97096449,369,399,TV价,手机价,立减30,http://wp.sharkshopping.com/product/97096449,http://mallpic.ghs.net/oss/4a03a/797b0/e34ae4a0023a0048f36aee74edd797b0.jpg,保健营养,保健器械,家庭护理
2026-04-27,4月27日,19:20,20:00,营养成分,云杉,美国Spruce新一代槲皮素肺舒宝	,95451900,499,499,,手机价,,http://wp.sharkshopping.com/product/95451900,http://mallpic.ghs.net/oss/b1063/267b7/26c22b105c63ab423f8a810294f267b7.png,保健营养,营养成分,其他营养
2026-04-27,4月27日,20:00,20:40,滋补养生,礼贡堂,礼贡堂五十二位茯湿丸,97097003,369,399,TV价,手机价,立减30,http://wp.sharkshopping.com/product/97097003,http://mallpic.ghs.net/oss/efc77/2a36b/fb2c9efc02773147a7b80ce96532a36b.jpg,保健营养,滋补养生,其他滋补
2026-04-27,4月27日,20:40,21:20,营养成分,云杉,美国Spruce新一代牛樟芝加强黄金素,96537773,1299,1299,,手机价,,http://wp.sharkshopping.com/product/96537773,http://mallpic.ghs.net/oss/a0046/7677b/5c8daa000c462a4b036ba8dc7017677b.png,保健营养,营养成分,其他营养
2026-04-27,4月27日,21:20,22:00,营养成分,拜滋,美国Bayzi拜滋新一代骨肌肽,96514542,699,699,,手机价,,http://wp.sharkshopping.com/product/96514542,http://mallpic.ghs.net/oss/44bae/edd54/b32c344b6daed344d11aafcda6fedd54.png,保健营养,营养成分,其他营养
2026-04-27,4月27日,22:00,22:40,滋补养生,其他,御寿堂加拿大西洋参切片,97094021,369,399,TV价,手机价,立减30,http://wp.sharkshopping.com/product/97094021,http://mallpic.ghs.net/oss/cc648/68cb2/25f37cc65248ca430fba7d5431368cb2.png,保健营养,滋补养生,人参/西洋参
2026-04-27,4月27日,22:40,23:20,饮料冲调,其他,西藏金银花藏蜂蜜,97096798,279,299,TV价,手机价,立减20,http://wp.sharkshopping.com/product/97096798,http://mallpic.ghs.net/oss/8c5fc/5c8c5/78b128c5e1fc524224684a48ca35c8c5.jpg,休闲食品,饮料冲调,蜂蜜/蜂产品
2026-04-27,4月27日,23:20,00:00,滋补养生,礼贡堂,礼贡堂五十二位茯湿丸,97097003,369,399,TV价,手机价,立减30,http://wp.sharkshopping.com/product/97097003,http://mallpic.ghs.net/oss/efc77/2a36b/fb2c9efc02773147a7b80ce96532a36b.jpg,保健营养,滋补养生,其他滋补
